index,name_2,year,split,bps_poverty_percent,prediction_kabupaten,prediction_seed_std,seed_count,absolute_error,method,model,scenario
0,Bangkalan,2018,train,19.59000015258789,18.796971638997395,0.062434255064057226,3,0.793028513590496,AGGREGATE_WEAK_SUPERVISION,GRU,J5_FULL
1,Bangkalan,2019,train,18.899999618530273,19.573593775431316,0.07154623390207226,3,0.6735941569010429,AGGREGATE_WEAK_SUPERVISION,GRU,J5_FULL
2,Bangkalan,2020,train,20.559999465942383,20.530088424682617,0.1548637670009517,3,0.029911041259765625,AGGREGATE_WEAK_SUPERVISION,GRU,J5_FULL
3,Bangkalan,2021,train,21.56999969482422,20.28895886739095,0.17348924078994404,3,1.2810408274332694,AGGREGATE_WEAK_SUPERVISION,GRU,J5_FULL
4,Bangkalan,2022,train,19.440000534057617,19.99406369527181,0.3276830906875516,3,0.5540631612141915,AGGREGATE_WEAK_SUPERVISION,GRU,J5_FULL
5,Bangkalan,2023,val,19.350000381469727,20.116479237874348,0.3011252708010238,3,0.7664788564046212,AGGREGATE_WEAK_SUPERVISION,GRU,J5_FULL
6,Bangkalan,2024,test,18.65999984741211,19.997896830240887,0.3000491862457234,3,1.3378969828287772,AGGREGATE_WEAK_SUPERVISION,GRU,J5_FULL
7,Bangkalan,2025,test,18.25,19.54789924621582,0.24979098067588146,3,1.2978992462158203,AGGREGATE_WEAK_SUPERVISION,GRU,J5_FULL
8,Banyuwangi,2018,train,7.800000190734863,9.06683349609375,0.22718874927410476,3,1.2668333053588867,AGGREGATE_WEAK_SUPERVISION,GRU,J5_FULL
9,Banyuwangi,2019,train,7.519999980926514,7.643510023752849,0.1862830524987678,3,0.12351004282633493,AGGREGATE_WEAK_SUPERVISION,GRU,J5_FULL
10,Banyuwangi,2020,train,8.0600004196167,7.947456995646159,0.04582319443756089,3,0.11254342397054007,AGGREGATE_WEAK_SUPERVISION,GRU,J5_FULL
11,Banyuwangi,2021,train,8.069999694824219,7.557116985321045,0.16237570457554282,3,0.5128827095031738,AGGREGATE_WEAK_SUPERVISION,GRU,J5_FULL
12,Banyuwangi,2022,train,7.510000228881836,7.580237865447998,0.17129750453488451,3,0.07023763656616211,AGGREGATE_WEAK_SUPERVISION,GRU,J5_FULL
13,Banyuwangi,2023,val,7.340000152587891,7.3324534098307295,0.2176496022223839,3,0.007546742757161162,AGGREGATE_WEAK_SUPERVISION,GRU,J5_FULL
14,Banyuwangi,2024,test,6.539999961853027,7.255084991455078,0.22920264143095473,3,0.7150850296020508,AGGREGATE_WEAK_SUPERVISION,GRU,J5_FULL
15,Banyuwangi,2025,test,6.130000114440918,6.9596476554870605,0.46633633050020773,3,0.8296475410461426,AGGREGATE_WEAK_SUPERVISION,GRU,J5_FULL
16,Batu,2018,train,3.890000104904175,4.427191416422526,0.22533440538296076,3,0.5371913115183515,AGGREGATE_WEAK_SUPERVISION,GRU,J5_FULL
17,Batu,2019,train,3.809999942779541,3.747042655944824,0.15279546660550364,3,0.0629572868347168,AGGREGATE_WEAK_SUPERVISION,GRU,J5_FULL
18,Batu,2020,train,3.890000104904175,3.705189069112142,0.06917843803552523,3,0.18481103579203273,AGGREGATE_WEAK_SUPERVISION,GRU,J5_FULL
19,Batu,2021,train,4.090000152587891,3.6366477807362876,0.02718772043026767,3,0.45335237185160304,AGGREGATE_WEAK_SUPERVISION,GRU,J5_FULL
20,Batu,2022,train,3.7899999618530273,3.563924551010132,0.06200897223403031,3,0.2260754108428955,AGGREGATE_WEAK_SUPERVISION,GRU,J5_FULL
21,Batu,2023,val,3.309999942779541,3.295067230860392,0.052257294562741724,3,0.014932711919148911,AGGREGATE_WEAK_SUPERVISION,GRU,J5_FULL
22,Batu,2024,test,3.059999942779541,3.14402174949646,0.11365717114331148,3,0.08402180671691895,AGGREGATE_WEAK_SUPERVISION,GRU,J5_FULL
23,Batu,2025,test,2.859999895095825,3.0871314207712808,0.1970896974278575,3,0.22713152567545558,AGGREGATE_WEAK_SUPERVISION,GRU,J5_FULL
24,Blitar,2018,train,9.720000267028809,10.361449241638184,0.12285477745438349,3,0.641448974609375,AGGREGATE_WEAK_SUPERVISION,GRU,J5_FULL
25,Blitar,2019,train,8.9399995803833,8.863995234171549,0.0882250105593125,3,0.0760043462117519,AGGREGATE_WEAK_SUPERVISION,GRU,J5_FULL
26,Blitar,2020,train,9.329999923706055,9.355443318684896,0.011067186652568249,3,0.025443394978841738,AGGREGATE_WEAK_SUPERVISION,GRU,J5_FULL
27,Blitar,2021,train,9.649999618530273,9.285003026326498,0.13216360169139413,3,0.36499659220377545,AGGREGATE_WEAK_SUPERVISION,GRU,J5_FULL
28,Blitar,2022,train,8.710000038146973,8.71896998087565,0.03200479991738938,3,0.008969942728677793,AGGREGATE_WEAK_SUPERVISION,GRU,J5_FULL
29,Blitar,2023,val,8.6899995803833,8.746794064839682,0.10706055651987142,3,0.0567944844563808,AGGREGATE_WEAK_SUPERVISION,GRU,J5_FULL
30,Blitar,2024,test,8.15999984741211,8.593767166137695,0.16676924961483472,3,0.43376731872558594,AGGREGATE_WEAK_SUPERVISION,GRU,J5_FULL
31,Blitar,2025,test,7.570000171661377,8.449943542480469,0.26294164110133583,3,0.8799433708190918,AGGREGATE_WEAK_SUPERVISION,GRU,J5_FULL
32,Bojonegoro,2018,train,13.15999984741211,13.263564109802246,0.12835603457867611,3,0.10356426239013672,AGGREGATE_WEAK_SUPERVISION,GRU,J5_FULL
33,Bojonegoro,2019,train,12.380000114440918,13.652865409851074,0.11621952255265298,3,1.2728652954101562,AGGREGATE_WEAK_SUPERVISION,GRU,J5_FULL
34,Bojonegoro,2020,train,12.869999885559082,13.916601498921713,0.05600913701792782,3,1.0466016133626308,AGGREGATE_WEAK_SUPERVISION,GRU,J5_FULL
35,Bojonegoro,2021,train,13.270000457763672,13.644271850585938,0.11113093245055017,3,0.3742713928222656,AGGREGATE_WEAK_SUPERVISION,GRU,J5_FULL
36,Bojonegoro,2022,train,12.210000038146973,13.260533968607584,0.24422427799207266,3,1.0505339304606114,AGGREGATE_WEAK_SUPERVISION,GRU,J5_FULL
37,Bojonegoro,2023,val,12.180000305175781,13.34463882446289,0.16097792044398485,3,1.1646385192871094,AGGREGATE_WEAK_SUPERVISION,GRU,J5_FULL
38,Bojonegoro,2024,test,11.6899995803833,13.085043907165527,0.28252896930422816,3,1.3950443267822266,AGGREGATE_WEAK_SUPERVISION,GRU,J5_FULL
39,Bojonegoro,2025,test,11.489999771118164,12.855006535847982,0.32010165850486183,3,1.3650067647298183,AGGREGATE_WEAK_SUPERVISION,GRU,J5_FULL
40,Bondowoso,2018,train,14.390000343322754,13.162241617838541,0.14753538426717014,3,1.2277587254842128,AGGREGATE_WEAK_SUPERVISION,GRU,J5_FULL
41,Bondowoso,2019,train,13.329999923706055,13.513933181762695,0.10965886050123823,3,0.18393325805664062,AGGREGATE_WEAK_SUPERVISION,GRU,J5_FULL
42,Bondowoso,2020,train,14.170000076293945,14.489592870076498,0.0306656420798852,3,0.3195927937825527,AGGREGATE_WEAK_SUPERVISION,GRU,J5_FULL
43,Bondowoso,2021,train,14.729999542236328,14.463544209798178,0.13363289834181924,3,0.26645533243815045,AGGREGATE_WEAK_SUPERVISION,GRU,J5_FULL
44,Bondowoso,2022,train,13.470000267028809,13.779885292053223,0.37353878453486583,3,0.30988502502441406,AGGREGATE_WEAK_SUPERVISION,GRU,J5_FULL
45,Bondowoso,2023,val,13.34000015258789,13.516806602478027,0.5985755464785766,3,0.17680644989013672,AGGREGATE_WEAK_SUPERVISION,GRU,J5_FULL
46,Bondowoso,2024,test,12.600000381469727,13.285676956176758,0.6022642160076301,3,0.6856765747070312,AGGREGATE_WEAK_SUPERVISION,GRU,J5_FULL
47,Bondowoso,2025,test,12.199999809265137,13.094049453735352,0.649551000284329,3,0.8940496444702148,AGGREGATE_WEAK_SUPERVISION,GRU,J5_FULL
48,Gresik,2018,train,11.890000343322754,12.420213063557943,0.08880970335943181,3,0.5302127202351894,AGGREGATE_WEAK_SUPERVISION,GRU,J5_FULL
49,Gresik,2019,train,11.350000381469727,11.157026290893555,0.0342449402352535,3,0.19297409057617188,AGGREGATE_WEAK_SUPERVISION,GRU,J5_FULL
50,Gresik,2020,train,12.399999618530273,12.524676640828451,0.28838246311785365,3,0.12467702229817768,AGGREGATE_WEAK_SUPERVISION,GRU,J5_FULL
51,Gresik,2021,train,12.420000076293945,12.355360984802246,0.2348825758134749,3,0.06463909149169922,AGGREGATE_WEAK_SUPERVISION,GRU,J5_FULL
52,Gresik,2022,train,11.0600004196167,11.257231076558432,0.21594134531630865,3,0.19723065694173236,AGGREGATE_WEAK_SUPERVISION,GRU,J5_FULL
53,Gresik,2023,val,10.960000038146973,10.85042667388916,0.4170303937588878,3,0.1095733642578125,AGGREGATE_WEAK_SUPERVISION,GRU,J5_FULL
54,Gresik,2024,test,10.319999694824219,10.692210833231607,0.6097977270327778,3,0.37221113840738873,AGGREGATE_WEAK_SUPERVISION,GRU,J5_FULL
55,Gresik,2025,test,9.949999809265137,10.44087028503418,0.7717006789153321,3,0.49087047576904297,AGGREGATE_WEAK_SUPERVISION,GRU,J5_FULL
56,Jember,2018,train,9.979999542236328,10.253379185994467,0.0512637550778426,3,0.2733796437581386,AGGREGATE_WEAK_SUPERVISION,GRU,J5_FULL
57,Jember,2019,train,9.25,9.575372695922852,0.20895519522499761,3,0.32537269592285156,AGGREGATE_WEAK_SUPERVISION,GRU,J5_FULL
58,Jember,2020,train,10.09000015258789,9.940446535746256,0.17924108989810128,3,0.1495536168416347,AGGREGATE_WEAK_SUPERVISION,GRU,J5_FULL
59,Jember,2021,train,10.40999984741211,10.079643567403158,0.09275224188917856,3,0.33035628000895123,AGGREGATE_WEAK_SUPERVISION,GRU,J5_FULL
60,Jember,2022,train,9.390000343322754,9.663699467976889,0.06336782686645702,3,0.2736991246541347,AGGREGATE_WEAK_SUPERVISION,GRU,J5_FULL
61,Jember,2023,val,9.510000228881836,9.509882291158041,0.11236945948050016,3,0.0001179377237949808,AGGREGATE_WEAK_SUPERVISION,GRU,J5_FULL
62,Jember,2024,test,9.010000228881836,9.355445861816406,0.17824788375576744,3,0.3454456329345703,AGGREGATE_WEAK_SUPERVISION,GRU,J5_FULL
63,Jember,2025,test,8.670000076293945,9.206853866577148,0.2285608895700727,3,0.5368537902832031,AGGREGATE_WEAK_SUPERVISION,GRU,J5_FULL
64,Jombang,2018,train,9.5600004196167,9.528909047444662,0.29252615454014674,3,0.03109137217203717,AGGREGATE_WEAK_SUPERVISION,GRU,J5_FULL
65,Jombang,2019,train,9.220000267028809,8.935722986857096,0.09854179972395767,3,0.28427728017171283,AGGREGATE_WEAK_SUPERVISION,GRU,J5_FULL
66,Jombang,2020,train,9.9399995803833,9.793751080830893,0.07197988013831577,3,0.14624849955240826,AGGREGATE_WEAK_SUPERVISION,GRU,J5_FULL
67,Jombang,2021,train,10.0,9.661190668741861,0.05810760821944062,3,0.3388093312581386,AGGREGATE_WEAK_SUPERVISION,GRU,J5_FULL
68,Jombang,2022,train,9.039999961853027,9.54413922627767,0.09595886163131495,3,0.5041392644246425,AGGREGATE_WEAK_SUPERVISION,GRU,J5_FULL
69,Jombang,2023,val,9.149999618530273,8.685118993123373,0.24190536107334243,3,0.46488062540690045,AGGREGATE_WEAK_SUPERVISION,GRU,J5_FULL
70,Jombang,2024,test,8.600000381469727,8.418701807657877,0.31443385305514526,3,0.18129857381184955,AGGREGATE_WEAK_SUPERVISION,GRU,J5_FULL
71,Jombang,2025,test,8.359999656677246,8.29357624053955,0.3177228842243326,3,0.06642341613769531,AGGREGATE_WEAK_SUPERVISION,GRU,J5_FULL
72,Kediri,2018,train,11.3100004196167,10.75767993927002,0.13521505441854836,3,0.5523204803466797,AGGREGATE_WEAK_SUPERVISION,GRU,J5_FULL
73,Kediri,2019,train,10.420000076293945,10.1889435450236,0.06993239910765119,3,0.23105653127034564,AGGREGATE_WEAK_SUPERVISION,GRU,J5_FULL
74,Kediri,2020,train,11.399999618530273,11.251349131266275,0.029524880547379298,3,0.148650487263998,AGGREGATE_WEAK_SUPERVISION,GRU,J5_FULL
75,Kediri,2021,train,11.640000343322754,11.60076936086019,0.04613656748352702,3,0.03923098246256451,AGGREGATE_WEAK_SUPERVISION,GRU,J5_FULL
76,Kediri,2022,train,10.649999618530273,11.269273440043131,0.11476079311047682,3,0.6192738215128575,AGGREGATE_WEAK_SUPERVISION,GRU,J5_FULL
77,Kediri,2023,val,10.720000267028809,10.895800908406576,0.1483981776652227,3,0.17580064137776752,AGGREGATE_WEAK_SUPERVISION,GRU,J5_FULL
78,Kediri,2024,test,9.949999809265137,10.744770050048828,0.15090993451371004,3,0.7947702407836914,AGGREGATE_WEAK_SUPERVISION,GRU,J5_FULL
79,Kediri,2025,test,9.8100004196167,10.598061879475912,0.1259988887035953,3,0.7880614598592128,AGGREGATE_WEAK_SUPERVISION,GRU,J5_FULL
80,KotaBlitar,2018,train,7.440000057220459,7.617897192637126,0.054768237907274926,3,0.17789713541666696,AGGREGATE_WEAK_SUPERVISION,GRU,J5_FULL
81,KotaBlitar,2019,train,7.130000114440918,7.305667877197266,0.11797553372033458,3,0.17566776275634766,AGGREGATE_WEAK_SUPERVISION,GRU,J5_FULL
82,KotaBlitar,2020,train,7.78000020980835,7.728044350941976,0.08836604823200192,3,0.051955858866373994,AGGREGATE_WEAK_SUPERVISION,GRU,J5_FULL
83,KotaBlitar,2021,train,7.889999866485596,7.790587107340495,0.07887990649729694,3,0.09941275914510062,AGGREGATE_WEAK_SUPERVISION,GRU,J5_FULL
84,KotaBlitar,2022,train,7.369999885559082,7.77655045191447,0.1880358660422977,3,0.40655056635538767,AGGREGATE_WEAK_SUPERVISION,GRU,J5_FULL
85,KotaBlitar,2023,val,7.300000190734863,7.068309783935547,0.1664163520335136,3,0.2316904067993164,AGGREGATE_WEAK_SUPERVISION,GRU,J5_FULL
86,KotaBlitar,2024,test,6.75,6.43866507212321,0.5332661863422142,3,0.31133492787679007,AGGREGATE_WEAK_SUPERVISION,GRU,J5_FULL
87,KotaBlitar,2025,test,6.599999904632568,6.041907787322998,0.9002198826771903,3,0.5580921173095703,AGGREGATE_WEAK_SUPERVISION,GRU,J5_FULL
88,KotaKediri,2018,train,7.679999828338623,7.84821097056071,0.08191262484281414,3,0.16821114222208688,AGGREGATE_WEAK_SUPERVISION,GRU,J5_FULL
89,KotaKediri,2019,train,7.159999847412109,6.996308962504069,0.2667551293753154,3,0.16369088490804007,AGGREGATE_WEAK_SUPERVISION,GRU,J5_FULL
90,KotaKediri,2020,train,7.690000057220459,7.524431864420573,0.06838823917644797,3,0.16556819279988577,AGGREGATE_WEAK_SUPERVISION,GRU,J5_FULL
91,KotaKediri,2021,train,7.75,7.272348086039226,0.09256933683376249,3,0.47765191396077444,AGGREGATE_WEAK_SUPERVISION,GRU,J5_FULL
92,KotaKediri,2022,train,7.230000019073486,7.651088714599609,0.14664933646261433,3,0.42108869552612305,AGGREGATE_WEAK_SUPERVISION,GRU,J5_FULL
93,KotaKediri,2023,val,7.150000095367432,6.685694694519043,0.41174051850701127,3,0.46430540084838867,AGGREGATE_WEAK_SUPERVISION,GRU,J5_FULL
94,KotaKediri,2024,test,6.510000228881836,6.462455113728841,0.5050302989986825,3,0.04754511515299509,AGGREGATE_WEAK_SUPERVISION,GRU,J5_FULL
95,KotaKediri,2025,test,6.039999961853027,6.286133766174316,0.5139099846516679,3,0.24613380432128906,AGGREGATE_WEAK_SUPERVISION,GRU,J5_FULL
96,KotaMadiun,2018,train,4.489999771118164,5.245141983032227,0.2042439784990714,3,0.7551422119140625,AGGREGATE_WEAK_SUPERVISION,GRU,J5_FULL
97,KotaMadiun,2019,train,4.349999904632568,4.400486946105957,0.1592664598107357,3,0.05048704147338867,AGGREGATE_WEAK_SUPERVISION,GRU,J5_FULL
98,KotaMadiun,2020,train,4.980000019073486,4.450645287831624,0.1356648492260847,3,0.5293547312418623,AGGREGATE_WEAK_SUPERVISION,GRU,J5_FULL
99,KotaMadiun,2021,train,5.090000152587891,4.580917676289876,0.1010891210625469,3,0.5090824762980146,AGGREGATE_WEAK_SUPERVISION,GRU,J5_FULL
100,KotaMadiun,2022,train,4.760000228881836,4.669121106465657,0.08089108522971203,3,0.09087912241617868,AGGREGATE_WEAK_SUPERVISION,GRU,J5_FULL
101,KotaMadiun,2023,val,4.739999771118164,4.4349141120910645,0.03631825912554174,3,0.3050856590270996,AGGREGATE_WEAK_SUPERVISION,GRU,J5_FULL
102,KotaMadiun,2024,test,4.380000114440918,4.333534240722656,0.08903909188154834,3,0.04646587371826172,AGGREGATE_WEAK_SUPERVISION,GRU,J5_FULL
103,KotaMadiun,2025,test,3.890000104904175,4.235493183135986,0.14826139989990733,3,0.3454930782318115,AGGREGATE_WEAK_SUPERVISION,GRU,J5_FULL
104,KotaMalang,2018,train,4.099999904632568,3.6863625049591064,0.31552343180101217,3,0.4136373996734619,AGGREGATE_WEAK_SUPERVISION,GRU,J5_FULL
105,KotaMalang,2019,train,4.070000171661377,3.9887359937032065,0.12843046110996137,3,0.08126417795817042,AGGREGATE_WEAK_SUPERVISION,GRU,J5_FULL
106,KotaMalang,2020,train,4.440000057220459,4.206602732340495,0.1131620934884019,3,0.2333973248799639,AGGREGATE_WEAK_SUPERVISION,GRU,J5_FULL
107,KotaMalang,2021,train,4.619999885559082,4.4550832112630205,0.13223031312208788,3,0.1649166742960615,AGGREGATE_WEAK_SUPERVISION,GRU,J5_FULL
108,KotaMalang,2022,train,4.369999885559082,4.355586528778076,0.14967463534970166,3,0.01441335678100586,AGGREGATE_WEAK_SUPERVISION,GRU,J5_FULL
109,KotaMalang,2023,val,4.260000228881836,4.121405124664307,0.22832818354842363,3,0.1385951042175293,AGGREGATE_WEAK_SUPERVISION,GRU,J5_FULL
110,KotaMalang,2024,test,3.9100000858306885,4.072220245997111,0.26658091597371963,3,0.16222016016642282,AGGREGATE_WEAK_SUPERVISION,GRU,J5_FULL
111,KotaMalang,2025,test,3.8499999046325684,4.1897873878479,0.1918530888181637,3,0.33978748321533203,AGGREGATE_WEAK_SUPERVISION,GRU,J5_FULL
112,KotaMojokerto,2018,train,5.5,5.3629500071207685,0.2177558812372069,3,0.13704999287923147,AGGREGATE_WEAK_SUPERVISION,GRU,J5_FULL
113,KotaMojokerto,2019,train,5.150000095367432,5.733476797739665,0.07638392873299213,3,0.5834767023722334,AGGREGATE_WEAK_SUPERVISION,GRU,J5_FULL
114,KotaMojokerto,2020,train,6.239999771118164,5.8658707936604815,0.17231003284693466,3,0.3741289774576826,AGGREGATE_WEAK_SUPERVISION,GRU,J5_FULL
115,KotaMojokerto,2021,train,6.389999866485596,5.901889006296794,0.21525473417773416,3,0.4881108601888018,AGGREGATE_WEAK_SUPERVISION,GRU,J5_FULL
116,KotaMojokerto,2022,train,5.980000019073486,5.93659512201945,0.26274222222199034,3,0.04340489705403616,AGGREGATE_WEAK_SUPERVISION,GRU,J5_FULL
117,KotaMojokerto,2023,val,5.769999980926514,5.788167317708333,0.18970080717456603,3,0.018167336781819365,AGGREGATE_WEAK_SUPERVISION,GRU,J5_FULL
118,KotaMojokerto,2024,test,5.570000171661377,5.6872663497924805,0.1364266584834124,3,0.11726617813110352,AGGREGATE_WEAK_SUPERVISION,GRU,J5_FULL
119,KotaMojokerto,2025,test,5.050000190734863,5.532690366109212,0.07733732934438037,3,0.48269017537434866,AGGREGATE_WEAK_SUPERVISION,GRU,J5_FULL
120,KotaPasuruan,2018,train,6.769999980926514,6.569789886474609,0.05768079870989385,3,0.2002100944519043,AGGREGATE_WEAK_SUPERVISION,GRU,J5_FULL
121,KotaPasuruan,2019,train,6.460000038146973,6.855345884958903,0.09804495904213953,3,0.39534584681193063,AGGREGATE_WEAK_SUPERVISION,GRU,J5_FULL
122,KotaPasuruan,2020,train,6.659999847412109,6.72071107228597,0.1001598633077692,3,0.06071122487386038,AGGREGATE_WEAK_SUPERVISION,GRU,J5_FULL
123,KotaPasuruan,2021,train,6.880000114440918,6.386911869049072,0.1444972046768105,3,0.4930882453918457,AGGREGATE_WEAK_SUPERVISION,GRU,J5_FULL
124,KotaPasuruan,2022,train,6.369999885559082,6.563799063364665,0.002171845872514711,3,0.19379917780558298,AGGREGATE_WEAK_SUPERVISION,GRU,J5_FULL
125,KotaPasuruan,2023,val,6.599999904632568,5.929231484731038,0.18967029588926337,3,0.6707684199015302,AGGREGATE_WEAK_SUPERVISION,GRU,J5_FULL
126,KotaPasuruan,2024,test,6.320000171661377,6.2376054128011065,0.1501600742734413,3,0.08239475886027048,AGGREGATE_WEAK_SUPERVISION,GRU,J5_FULL
127,KotaPasuruan,2025,test,6.179999828338623,5.781030337015788,0.18650084115603455,3,0.398969491322835,AGGREGATE_WEAK_SUPERVISION,GRU,J5_FULL
128,KotaProbolinggo,2018,train,7.199999809265137,7.688291708628337,0.06272354526484938,3,0.48829189936320017,AGGREGATE_WEAK_SUPERVISION,GRU,J5_FULL
129,KotaProbolinggo,2019,train,6.909999847412109,7.170313835144043,0.11451946494449351,3,0.2603139877319336,AGGREGATE_WEAK_SUPERVISION,GRU,J5_FULL
130,KotaProbolinggo,2020,train,7.429999828338623,7.057753403981526,0.023896480608698627,3,0.37224642435709665,AGGREGATE_WEAK_SUPERVISION,GRU,J5_FULL
131,KotaProbolinggo,2021,train,7.440000057220459,7.25698200861613,0.0796873188685292,3,0.18301804860432913,AGGREGATE_WEAK_SUPERVISION,GRU,J5_FULL
132,KotaProbolinggo,2022,train,6.650000095367432,6.917422453562419,0.20515022140227235,3,0.2674223581949873,AGGREGATE_WEAK_SUPERVISION,GRU,J5_FULL
133,KotaProbolinggo,2023,val,6.480000019073486,6.534682591756185,0.33869754437753086,3,0.05468257268269827,AGGREGATE_WEAK_SUPERVISION,GRU,J5_FULL
134,KotaProbolinggo,2024,test,6.179999828338623,6.344296137491862,0.3611643163825216,3,0.16429630915323923,AGGREGATE_WEAK_SUPERVISION,GRU,J5_FULL
135,KotaProbolinggo,2025,test,5.690000057220459,5.955881754557292,0.42137945347728517,3,0.265881697336833,AGGREGATE_WEAK_SUPERVISION,GRU,J5_FULL
136,Lamongan,2018,train,13.800000190734863,14.108975410461426,0.04700022055429705,3,0.3089752197265625,AGGREGATE_WEAK_SUPERVISION,GRU,J5_FULL
137,Lamongan,2019,train,13.210000038146973,13.836762110392252,0.07014505701733442,3,0.6267620722452794,AGGREGATE_WEAK_SUPERVISION,GRU,J5_FULL
138,Lamongan,2020,train,13.850000381469727,13.776642163594564,0.1396502325193769,3,0.07335821787516217,AGGREGATE_WEAK_SUPERVISION,GRU,J5_FULL
139,Lamongan,2021,train,13.859999656677246,13.682554880777994,0.12889874916492639,3,0.1774447758992519,AGGREGATE_WEAK_SUPERVISION,GRU,J5_FULL
140,Lamongan,2022,train,12.529999732971191,12.933860460917154,0.22059015126782638,3,0.40386072794596295,AGGREGATE_WEAK_SUPERVISION,GRU,J5_FULL
141,Lamongan,2023,val,12.420000076293945,13.171048482259115,0.19390198136887282,3,0.7510484059651699,AGGREGATE_WEAK_SUPERVISION,GRU,J5_FULL
142,Lamongan,2024,test,12.15999984741211,13.181264559427897,0.23714684666145353,3,1.0212647120157872,AGGREGATE_WEAK_SUPERVISION,GRU,J5_FULL
143,Lamongan,2025,test,12.029999732971191,12.653044700622559,0.19799005949856696,3,0.6230449676513672,AGGREGATE_WEAK_SUPERVISION,GRU,J5_FULL
144,Lumajang,2018,train,9.979999542236328,11.645444869995117,0.1052702604721395,3,1.665445327758789,AGGREGATE_WEAK_SUPERVISION,GRU,J5_FULL
145,Lumajang,2019,train,9.489999771118164,9.552265485127768,0.0723604878176516,3,0.06226571400960346,AGGREGATE_WEAK_SUPERVISION,GRU,J5_FULL
146,Lumajang,2020,train,9.829999923706055,9.604019165039062,0.04884331879370136,3,0.2259807586669922,AGGREGATE_WEAK_SUPERVISION,GRU,J5_FULL
147,Lumajang,2021,train,10.050000190734863,9.900481224060059,0.1473965631716628,3,0.1495189666748047,AGGREGATE_WEAK_SUPERVISION,GRU,J5_FULL
148,Lumajang,2022,train,9.0600004196167,9.060638745625814,0.15158248439174027,3,0.0006383260091151755,AGGREGATE_WEAK_SUPERVISION,GRU,J5_FULL
149,Lumajang,2023,val,8.930000305175781,8.838855743408203,0.21123589950405713,3,0.09114456176757812,AGGREGATE_WEAK_SUPERVISION,GRU,J5_FULL
150,Lumajang,2024,test,8.649999618530273,8.504929542541504,0.2344013576088151,3,0.14507007598876953,AGGREGATE_WEAK_SUPERVISION,GRU,J5_FULL
151,Lumajang,2025,test,8.600000381469727,8.244542121887207,0.25105456601829745,3,0.35545825958251953,AGGREGATE_WEAK_SUPERVISION,GRU,J5_FULL
152,Madiun,2018,train,11.420000076293945,12.931613604227701,0.015685737313805237,3,1.511613527933756,AGGREGATE_WEAK_SUPERVISION,GRU,J5_FULL
153,Madiun,2019,train,10.539999961853027,11.050171534220377,0.14907514607562108,3,0.5101715723673497,AGGREGATE_WEAK_SUPERVISION,GRU,J5_FULL
154,Madiun,2020,train,11.460000038146973,11.35545539855957,0.015316046457020461,3,0.10454463958740234,AGGREGATE_WEAK_SUPERVISION,GRU,J5_FULL
155,Madiun,2021,train,11.90999984741211,11.298484166463217,0.15949363096314276,3,0.6115156809488926,AGGREGATE_WEAK_SUPERVISION,GRU,J5_FULL
156,Madiun,2022,train,10.789999961853027,11.000385920206705,0.19700843193877302,3,0.2103859583536778,AGGREGATE_WEAK_SUPERVISION,GRU,J5_FULL
157,Madiun,2023,val,11.039999961853027,11.17714754740397,0.1586265018827529,3,0.13714758555094342,AGGREGATE_WEAK_SUPERVISION,GRU,J5_FULL
158,Madiun,2024,test,10.630000114440918,11.15509064992269,0.21838921826793778,3,0.5250905354817714,AGGREGATE_WEAK_SUPERVISION,GRU,J5_FULL
159,Madiun,2025,test,10.399999618530273,10.880029360453287,0.2256820538614517,3,0.48002974192301373,AGGREGATE_WEAK_SUPERVISION,GRU,J5_FULL
160,Magetan,2018,train,10.3100004196167,11.850971539815268,0.2017377825612799,3,1.5409711201985683,AGGREGATE_WEAK_SUPERVISION,GRU,J5_FULL
161,Magetan,2019,train,9.609999656677246,9.285602569580078,0.09441574753965937,3,0.32439708709716797,AGGREGATE_WEAK_SUPERVISION,GRU,J5_FULL
162,Magetan,2020,train,10.350000381469727,10.089554150899252,0.02696638175838653,3,0.26044623057047467,AGGREGATE_WEAK_SUPERVISION,GRU,J5_FULL
163,Magetan,2021,train,10.65999984741211,10.062882741292318,0.29108220581995375,3,0.5971171061197911,AGGREGATE_WEAK_SUPERVISION,GRU,J5_FULL
164,Magetan,2022,train,9.84000015258789,9.515615463256836,0.3714559702364758,3,0.3243846893310547,AGGREGATE_WEAK_SUPERVISION,GRU,J5_FULL
165,Magetan,2023,val,9.800000190734863,9.734386444091797,0.3918301049625552,3,0.0656137466430664,AGGREGATE_WEAK_SUPERVISION,GRU,J5_FULL
166,Magetan,2024,test,9.319999694824219,9.593965848286947,0.39852936532354477,3,0.27396615346272846,AGGREGATE_WEAK_SUPERVISION,GRU,J5_FULL
167,Magetan,2025,test,9.140000343322754,9.57320499420166,0.4014810088714788,3,0.43320465087890625,AGGREGATE_WEAK_SUPERVISION,GRU,J5_FULL
168,Malang,2018,train,10.369999885559082,10.342080116271973,0.024820845740786582,3,0.027919769287109375,AGGREGATE_WEAK_SUPERVISION,GRU,J5_FULL
169,Malang,2019,train,9.470000267028809,9.717999776204428,0.11388405720581378,3,0.24799950917561908,AGGREGATE_WEAK_SUPERVISION,GRU,J5_FULL
170,Malang,2020,train,10.149999618530273,10.205622990926107,0.08470183274955705,3,0.055623372395833925,AGGREGATE_WEAK_SUPERVISION,GRU,J5_FULL
171,Malang,2021,train,10.5,10.055109659830729,0.12545221835035064,3,0.4448903401692714,AGGREGATE_WEAK_SUPERVISION,GRU,J5_FULL
172,Malang,2022,train,9.550000190734863,9.657617886861166,0.13316583855419506,3,0.10761769612630268,AGGREGATE_WEAK_SUPERVISION,GRU,J5_FULL
173,Malang,2023,val,9.449999809265137,9.51390012105306,0.16468264160593776,3,0.06390031178792377,AGGREGATE_WEAK_SUPERVISION,GRU,J5_FULL
174,Malang,2024,test,8.979999542236328,9.373165130615234,0.18869770430900298,3,0.39316558837890625,AGGREGATE_WEAK_SUPERVISION,GRU,J5_FULL
175,Malang,2025,test,8.779999732971191,9.232217788696289,0.24107607695899988,3,0.45221805572509766,AGGREGATE_WEAK_SUPERVISION,GRU,J5_FULL
176,Mojokerto,2018,train,10.079999923706055,10.563295046488443,0.12411062835054716,3,0.48329512278238873,AGGREGATE_WEAK_SUPERVISION,GRU,J5_FULL
177,Mojokerto,2019,train,9.75,9.774027506510416,0.03663691599018873,3,0.024027506510416075,AGGREGATE_WEAK_SUPERVISION,GRU,J5_FULL
178,Mojokerto,2020,train,10.569999694824219,10.230154991149902,0.16122391795352767,3,0.3398447036743164,AGGREGATE_WEAK_SUPERVISION,GRU,J5_FULL
179,Mojokerto,2021,train,10.619999885559082,10.251455624898275,0.25158019962486655,3,0.3685442606608067,AGGREGATE_WEAK_SUPERVISION,GRU,J5_FULL
180,Mojokerto,2022,train,9.710000038146973,10.517583211263021,0.37310331786986617,3,0.8075831731160488,AGGREGATE_WEAK_SUPERVISION,GRU,J5_FULL
181,Mojokerto,2023,val,9.800000190734863,9.48628044128418,0.5260133533969343,3,0.3137197494506836,AGGREGATE_WEAK_SUPERVISION,GRU,J5_FULL
182,Mojokerto,2024,test,9.369999885559082,9.398081143697103,0.6114123791707341,3,0.028081258138021425,AGGREGATE_WEAK_SUPERVISION,GRU,J5_FULL
183,Mojokerto,2025,test,8.789999961853027,9.609057426452637,0.6512495917289821,3,0.8190574645996094,AGGREGATE_WEAK_SUPERVISION,GRU,J5_FULL
184,Nganjuk,2018,train,12.109999656677246,10.53259245554606,0.1597571223718183,3,1.5774072011311855,AGGREGATE_WEAK_SUPERVISION,GRU,J5_FULL
185,Nganjuk,2019,train,11.239999771118164,10.748815218607584,0.18029899543317626,3,0.49118455251058,AGGREGATE_WEAK_SUPERVISION,GRU,J5_FULL
186,Nganjuk,2020,train,11.619999885559082,11.859983762105307,0.05449885540084407,3,0.23998387654622455,AGGREGATE_WEAK_SUPERVISION,GRU,J5_FULL
187,Nganjuk,2021,train,11.850000381469727,11.647130966186523,0.0863530985765403,3,0.20286941528320312,AGGREGATE_WEAK_SUPERVISION,GRU,J5_FULL
188,Nganjuk,2022,train,10.699999809265137,11.0461638768514,0.06864136459586846,3,0.3461640675862636,AGGREGATE_WEAK_SUPERVISION,GRU,J5_FULL
189,Nganjuk,2023,val,10.890000343322754,10.749191919962565,0.19853922999476942,3,0.1408084233601894,AGGREGATE_WEAK_SUPERVISION,GRU,J5_FULL
190,Nganjuk,2024,test,10.170000076293945,10.294866561889648,0.3042920732925233,3,0.12486648559570312,AGGREGATE_WEAK_SUPERVISION,GRU,J5_FULL
191,Nganjuk,2025,test,10.0600004196167,10.0621919631958,0.36565573348712915,3,0.0021915435791015625,AGGREGATE_WEAK_SUPERVISION,GRU,J5_FULL
192,Ngawi,2018,train,14.829999923706055,14.280490557352701,0.020114169313142385,3,0.5495093663533535,AGGREGATE_WEAK_SUPERVISION,GRU,J5_FULL
193,Ngawi,2019,train,14.390000343322754,13.443957328796387,0.08902129557193962,3,0.9460430145263672,AGGREGATE_WEAK_SUPERVISION,GRU,J5_FULL
194,Ngawi,2020,train,15.4399995803833,14.977676073710123,0.15195212614419767,3,0.4623235066731777,AGGREGATE_WEAK_SUPERVISION,GRU,J5_FULL
195,Ngawi,2021,train,15.569999694824219,14.967586517333984,0.12982381194580697,3,0.6024131774902344,AGGREGATE_WEAK_SUPERVISION,GRU,J5_FULL
196,Ngawi,2022,train,14.149999618530273,14.598745346069336,0.1261783322858365,3,0.4487457275390625,AGGREGATE_WEAK_SUPERVISION,GRU,J5_FULL
197,Ngawi,2023,val,14.399999618530273,14.567012786865234,0.1368408819210114,3,0.16701316833496094,AGGREGATE_WEAK_SUPERVISION,GRU,J5_FULL
198,Ngawi,2024,test,13.8100004196167,14.36544672648112,0.19201848080792733,3,0.55544630686442,AGGREGATE_WEAK_SUPERVISION,GRU,J5_FULL
199,Ngawi,2025,test,13.619999885559082,14.061235109965006,0.1432692561119203,3,0.4412352244059239,AGGREGATE_WEAK_SUPERVISION,GRU,J5_FULL
200,Pacitan,2018,train,14.1899995803833,13.961122512817383,0.2078975965522988,3,0.22887706756591797,AGGREGATE_WEAK_SUPERVISION,GRU,J5_FULL
201,Pacitan,2019,train,13.670000076293945,12.961045583089193,0.27527585039813,3,0.708954493204752,AGGREGATE_WEAK_SUPERVISION,GRU,J5_FULL
202,Pacitan,2020,train,14.539999961853027,14.31717332204183,0.27201497943331354,3,0.22282663981119732,AGGREGATE_WEAK_SUPERVISION,GRU,J5_FULL
203,Pacitan,2021,train,15.109999656677246,14.664764404296875,0.23632015914831464,3,0.4452352523803711,AGGREGATE_WEAK_SUPERVISION,GRU,J5_FULL
204,Pacitan,2022,train,13.800000190734863,14.10489273071289,0.304811607505383,3,0.30489253997802734,AGGREGATE_WEAK_SUPERVISION,GRU,J5_FULL
205,Pacitan,2023,val,13.649999618530273,14.050974527994791,0.41166683092571565,3,0.40097490946451764,AGGREGATE_WEAK_SUPERVISION,GRU,J5_FULL
206,Pacitan,2024,test,13.079999923706055,13.996602376302084,0.5374358904419576,3,0.9166024525960292,AGGREGATE_WEAK_SUPERVISION,GRU,J5_FULL
207,Pacitan,2025,test,12.970000267028809,13.867657343546549,0.6042330129405632,3,0.8976570765177403,AGGREGATE_WEAK_SUPERVISION,GRU,J5_FULL
208,Pamekasan,2018,train,14.470000267028809,13.225825627644857,0.004720340035207809,3,1.2441746393839512,AGGREGATE_WEAK_SUPERVISION,GRU,J5_FULL
209,Pamekasan,2019,train,13.949999809265137,14.131512006123861,0.10527419578431385,3,0.18151219685872455,AGGREGATE_WEAK_SUPERVISION,GRU,J5_FULL
210,Pamekasan,2020,train,14.600000381469727,14.904656092325846,0.15814988126349575,3,0.3046557108561192,AGGREGATE_WEAK_SUPERVISION,GRU,J5_FULL
211,Pamekasan,2021,train,15.300000190734863,15.016442934672037,0.08303571397313778,3,0.2835572560628261,AGGREGATE_WEAK_SUPERVISION,GRU,J5_FULL
212,Pamekasan,2022,train,13.930000305175781,14.283141136169434,0.013273409854543668,3,0.35314083099365234,AGGREGATE_WEAK_SUPERVISION,GRU,J5_FULL
213,Pamekasan,2023,val,13.850000381469727,14.225816090901693,0.049868282976007525,3,0.37581570943196674,AGGREGATE_WEAK_SUPERVISION,GRU,J5_FULL
214,Pamekasan,2024,test,13.40999984741211,13.977992057800293,0.12495703320798154,3,0.5679922103881836,AGGREGATE_WEAK_SUPERVISION,GRU,J5_FULL
215,Pamekasan,2025,test,12.770000457763672,13.674014409383139,0.23504933368704745,3,0.9040139516194667,AGGREGATE_WEAK_SUPERVISION,GRU,J5_FULL
216,Pasuruan,2018,train,9.449999809265137,9.649216651916504,0.13935004882025367,3,0.1992168426513672,AGGREGATE_WEAK_SUPERVISION,GRU,J5_FULL
217,Pasuruan,2019,train,8.680000305175781,8.788708051045736,0.0538189958253874,3,0.10870774586995502,AGGREGATE_WEAK_SUPERVISION,GRU,J5_FULL
218,Pasuruan,2020,train,9.260000228881836,9.202491442362467,0.06744368141932004,3,0.05750878651936908,AGGREGATE_WEAK_SUPERVISION,GRU,J5_FULL
219,Pasuruan,2021,train,9.699999809265137,9.525246620178223,0.15051417406420498,3,0.17475318908691406,AGGREGATE_WEAK_SUPERVISION,GRU,J5_FULL
220,Pasuruan,2022,train,8.960000038146973,9.25093142191569,0.11836046122640007,3,0.29093138376871686,AGGREGATE_WEAK_SUPERVISION,GRU,J5_FULL
221,Pasuruan,2023,val,9.239999771118164,8.90363597869873,0.08176409164283009,3,0.3363637924194336,AGGREGATE_WEAK_SUPERVISION,GRU,J5_FULL
222,Pasuruan,2024,test,8.630000114440918,8.708895683288574,0.07378078346140156,3,0.07889556884765625,AGGREGATE_WEAK_SUPERVISION,GRU,J5_FULL
223,Pasuruan,2025,test,8.210000038146973,8.530769348144531,0.07219318171315073,3,0.3207693099975586,AGGREGATE_WEAK_SUPERVISION,GRU,J5_FULL
224,Ponorogo,2018,train,10.359999656677246,13.168485005696615,0.09683037774617456,3,2.808485349019369,AGGREGATE_WEAK_SUPERVISION,GRU,J5_FULL
225,Ponorogo,2019,train,9.640000343322754,11.226072311401367,0.14780101433877252,3,1.5860719680786133,AGGREGATE_WEAK_SUPERVISION,GRU,J5_FULL
226,Ponorogo,2020,train,9.949999809265137,11.473673820495605,0.04779567419981931,3,1.5236740112304688,AGGREGATE_WEAK_SUPERVISION,GRU,J5_FULL
227,Ponorogo,2021,train,10.260000228881836,11.205108006795248,0.02548450139462294,3,0.945107777913412,AGGREGATE_WEAK_SUPERVISION,GRU,J5_FULL
228,Ponorogo,2022,train,9.319999694824219,10.818571408589682,0.09407367063757399,3,1.4985717137654628,AGGREGATE_WEAK_SUPERVISION,GRU,J5_FULL
229,Ponorogo,2023,val,9.529999732971191,10.78611946105957,0.07812950576584435,3,1.256119728088379,AGGREGATE_WEAK_SUPERVISION,GRU,J5_FULL
230,Ponorogo,2024,test,9.109999656677246,10.66483243306478,0.10012091012435545,3,1.5548327763875331,AGGREGATE_WEAK_SUPERVISION,GRU,J5_FULL
231,Ponorogo,2025,test,8.859999656677246,10.465413729349772,0.1068848715936014,3,1.6054140726725254,AGGREGATE_WEAK_SUPERVISION,GRU,J5_FULL
232,Probolinggo,2018,train,18.709999084472656,15.628119150797525,0.1893296813602151,3,3.081879933675131,AGGREGATE_WEAK_SUPERVISION,GRU,J5_FULL
233,Probolinggo,2019,train,17.760000228881836,17.227527618408203,0.2264496761552304,3,0.5324726104736328,AGGREGATE_WEAK_SUPERVISION,GRU,J5_FULL
234,Probolinggo,2020,train,18.610000610351562,18.52004114786784,0.11354742697253747,3,0.08995946248372277,AGGREGATE_WEAK_SUPERVISION,GRU,J5_FULL
235,Probolinggo,2021,train,18.90999984741211,18.466464360555012,0.042755848173171296,3,0.44353548685709754,AGGREGATE_WEAK_SUPERVISION,GRU,J5_FULL
236,Probolinggo,2022,train,17.1200008392334,18.199078877766926,0.026965791310492315,3,1.0790780385335275,AGGREGATE_WEAK_SUPERVISION,GRU,J5_FULL
237,Probolinggo,2023,val,17.190000534057617,18.0067933400472,0.043948785588875966,3,0.8167928059895821,AGGREGATE_WEAK_SUPERVISION,GRU,J5_FULL
238,Probolinggo,2024,test,16.450000762939453,17.91927973429362,0.07145112637450182,3,1.4692789713541679,AGGREGATE_WEAK_SUPERVISION,GRU,J5_FULL
239,Probolinggo,2025,test,16.309999465942383,17.728492736816406,0.12150898164630794,3,1.4184932708740234,AGGREGATE_WEAK_SUPERVISION,GRU,J5_FULL
240,Sampang,2018,train,21.209999084472656,17.19550132751465,0.14267543573285868,3,4.014497756958008,AGGREGATE_WEAK_SUPERVISION,GRU,J5_FULL
241,Sampang,2019,train,20.709999084472656,20.6660639444987,0.14528826843333348,3,0.04393513997395715,AGGREGATE_WEAK_SUPERVISION,GRU,J5_FULL
242,Sampang,2020,train,22.780000686645508,21.766090393066406,0.09085254490178682,3,1.0139102935791016,AGGREGATE_WEAK_SUPERVISION,GRU,J5_FULL
243,Sampang,2021,train,23.760000228881836,21.450756708780926,0.08463679195864245,3,2.3092435201009103,AGGREGATE_WEAK_SUPERVISION,GRU,J5_FULL
244,Sampang,2022,train,21.610000610351562,21.31641133626302,0.16691828998675415,3,0.29358927408854285,AGGREGATE_WEAK_SUPERVISION,GRU,J5_FULL
245,Sampang,2023,val,21.760000228881836,21.511142094930012,0.1691786330451556,3,0.2488581339518241,AGGREGATE_WEAK_SUPERVISION,GRU,J5_FULL
246,Sampang,2024,test,20.829999923706055,21.292634963989258,0.1704353415249313,3,0.4626350402832031,AGGREGATE_WEAK_SUPERVISION,GRU,J5_FULL
247,Sampang,2025,test,20.610000610351562,21.10389773050944,0.196069134352325,3,0.4938971201578788,AGGREGATE_WEAK_SUPERVISION,GRU,J5_FULL
248,Sidoarjo,2018,train,5.690000057220459,5.563580354054769,0.10552729856390891,3,0.1264197031656904,AGGREGATE_WEAK_SUPERVISION,GRU,J5_FULL
249,Sidoarjo,2019,train,5.320000171661377,5.40092118581136,0.1056548529079331,3,0.08092101414998343,AGGREGATE_WEAK_SUPERVISION,GRU,J5_FULL
250,Sidoarjo,2020,train,5.590000152587891,5.621978918711345,0.10081946834856091,3,0.03197876612345407,AGGREGATE_WEAK_SUPERVISION,GRU,J5_FULL
251,Sidoarjo,2021,train,5.929999828338623,5.544256528218587,0.03891964189555087,3,0.3857433001200361,AGGREGATE_WEAK_SUPERVISION,GRU,J5_FULL
252,Sidoarjo,2022,train,5.360000133514404,5.617228190104167,0.02675411037811371,3,0.25722805658976267,AGGREGATE_WEAK_SUPERVISION,GRU,J5_FULL
253,Sidoarjo,2023,val,5.0,5.202339172363281,0.12336681903177314,3,0.20233917236328125,AGGREGATE_WEAK_SUPERVISION,GRU,J5_FULL
254,Sidoarjo,2024,test,4.53000020980835,5.257557392120361,0.05341049744692121,3,0.7275571823120117,AGGREGATE_WEAK_SUPERVISION,GRU,J5_FULL
255,Sidoarjo,2025,test,4.400000095367432,5.276299635569255,0.04233562322312222,3,0.8762995402018232,AGGREGATE_WEAK_SUPERVISION,GRU,J5_FULL
256,Situbondo,2018,train,11.819999694824219,12.137763023376465,0.1113717111178982,3,0.3177633285522461,AGGREGATE_WEAK_SUPERVISION,GRU,J5_FULL
257,Situbondo,2019,train,11.199999809265137,11.411811828613281,0.10524275703113514,3,0.21181201934814453,AGGREGATE_WEAK_SUPERVISION,GRU,J5_FULL
258,Situbondo,2020,train,12.220000267028809,12.060466448465982,0.14691447949599462,3,0.1595338185628261,AGGREGATE_WEAK_SUPERVISION,GRU,J5_FULL
259,Situbondo,2021,train,12.630000114440918,12.141645113627115,0.3073305753152113,3,0.4883550008138027,AGGREGATE_WEAK_SUPERVISION,GRU,J5_FULL
260,Situbondo,2022,train,11.779999732971191,11.940549850463867,0.31656988900824573,3,0.16055011749267578,AGGREGATE_WEAK_SUPERVISION,GRU,J5_FULL
261,Situbondo,2023,val,11.899999618530273,11.74549420674642,0.3426142193637809,3,0.15450541178385357,AGGREGATE_WEAK_SUPERVISION,GRU,J5_FULL
262,Situbondo,2024,test,11.510000228881836,11.587212880452475,0.3863936491629741,3,0.07721265157063861,AGGREGATE_WEAK_SUPERVISION,GRU,J5_FULL
263,Situbondo,2025,test,11.170000076293945,11.40768051147461,0.39944574271651,3,0.23768043518066406,AGGREGATE_WEAK_SUPERVISION,GRU,J5_FULL
264,Sumenep,2018,train,20.15999984741211,16.246161778767902,0.09065134058545422,3,3.913838068644207,AGGREGATE_WEAK_SUPERVISION,GRU,J5_FULL
265,Sumenep,2019,train,19.479999542236328,18.131784439086914,0.1318898683001188,3,1.348215103149414,AGGREGATE_WEAK_SUPERVISION,GRU,J5_FULL
266,Sumenep,2020,train,20.18000030517578,19.387466430664062,0.0344419830973801,3,0.7925338745117188,AGGREGATE_WEAK_SUPERVISION,GRU,J5_FULL
267,Sumenep,2021,train,20.510000228881836,19.37225405375163,0.04202393854863909,3,1.1377461751302071,AGGREGATE_WEAK_SUPERVISION,GRU,J5_FULL
268,Sumenep,2022,train,18.760000228881836,19.14819272359212,0.04963186545511806,3,0.3881924947102853,AGGREGATE_WEAK_SUPERVISION,GRU,J5_FULL
269,Sumenep,2023,val,18.700000762939453,19.298961003621418,0.0067410464389234094,3,0.598960240681965,AGGREGATE_WEAK_SUPERVISION,GRU,J5_FULL
270,Sumenep,2024,test,17.780000686645508,19.122774759928387,0.07784573839553623,3,1.3427740732828788,AGGREGATE_WEAK_SUPERVISION,GRU,J5_FULL
271,Sumenep,2025,test,17.020000457763672,18.72663688659668,0.1618237709660378,3,1.7066364288330078,AGGREGATE_WEAK_SUPERVISION,GRU,J5_FULL
272,Surabaya,2018,train,4.880000114440918,4.6448289553324384,0.15521414653474155,3,0.23517115910847952,AGGREGATE_WEAK_SUPERVISION,GRU,J5_FULL
273,Surabaya,2019,train,4.510000228881836,4.675486246744792,0.08165954486010706,3,0.16548601786295603,AGGREGATE_WEAK_SUPERVISION,GRU,J5_FULL
274,Surabaya,2020,train,5.019999980926514,4.922773043314616,0.13528204170656052,3,0.09722693761189749,AGGREGATE_WEAK_SUPERVISION,GRU,J5_FULL
275,Surabaya,2021,train,5.230000019073486,5.051874160766602,0.191741182565598,3,0.17812585830688477,AGGREGATE_WEAK_SUPERVISION,GRU,J5_FULL
276,Surabaya,2022,train,4.71999979019165,4.910171349843343,0.016809099500426618,3,0.1901715596516924,AGGREGATE_WEAK_SUPERVISION,GRU,J5_FULL
277,Surabaya,2023,val,4.650000095367432,4.612102667490642,0.42937188402516113,3,0.03789742787679007,AGGREGATE_WEAK_SUPERVISION,GRU,J5_FULL
278,Surabaya,2024,test,3.9600000381469727,4.486572742462158,0.5151269955536744,3,0.5265727043151855,AGGREGATE_WEAK_SUPERVISION,GRU,J5_FULL
279,Surabaya,2025,test,3.559999942779541,4.32154655456543,0.38291613628064874,3,0.7615466117858887,AGGREGATE_WEAK_SUPERVISION,GRU,J5_FULL
280,Trenggalek,2018,train,12.020000457763672,14.885688781738281,0.17741754745060812,3,2.8656883239746094,AGGREGATE_WEAK_SUPERVISION,GRU,J5_FULL
281,Trenggalek,2019,train,10.979999542236328,11.547026952107748,0.3259088700784548,3,0.5670274098714199,AGGREGATE_WEAK_SUPERVISION,GRU,J5_FULL
282,Trenggalek,2020,train,11.619999885559082,11.708012262980143,0.12454721653303258,3,0.0880123774210606,AGGREGATE_WEAK_SUPERVISION,GRU,J5_FULL
283,Trenggalek,2021,train,12.140000343322754,11.108574231465658,0.09177529369100743,3,1.0314261118570958,AGGREGATE_WEAK_SUPERVISION,GRU,J5_FULL
284,Trenggalek,2022,train,10.960000038146973,10.996432622273764,0.17790664675531295,3,0.03643258412679096,AGGREGATE_WEAK_SUPERVISION,GRU,J5_FULL
285,Trenggalek,2023,val,10.630000114440918,10.831516901652018,0.24712826897461157,3,0.20151678721109967,AGGREGATE_WEAK_SUPERVISION,GRU,J5_FULL
286,Trenggalek,2024,test,10.5,10.707791010538736,0.32625919247983076,3,0.2077910105387364,AGGREGATE_WEAK_SUPERVISION,GRU,J5_FULL
287,Trenggalek,2025,test,10.289999961853027,10.486486117045084,0.35163600989474786,3,0.1964861551920567,AGGREGATE_WEAK_SUPERVISION,GRU,J5_FULL
288,Tuban,2018,train,15.3100004196167,14.661507606506348,0.09373516475420189,3,0.6484928131103516,AGGREGATE_WEAK_SUPERVISION,GRU,J5_FULL
289,Tuban,2019,train,14.579999923706055,15.470290501912435,0.2066246739508973,3,0.8902905782063808,AGGREGATE_WEAK_SUPERVISION,GRU,J5_FULL
290,Tuban,2020,train,15.90999984741211,16.125713030497234,0.17975431491341898,3,0.21571318308512488,AGGREGATE_WEAK_SUPERVISION,GRU,J5_FULL
291,Tuban,2021,train,16.309999465942383,16.039511998494465,0.22236796432229042,3,0.27048746744791785,AGGREGATE_WEAK_SUPERVISION,GRU,J5_FULL
292,Tuban,2022,train,15.020000457763672,15.610086441040039,0.2325123625639193,3,0.5900859832763672,AGGREGATE_WEAK_SUPERVISION,GRU,J5_FULL
293,Tuban,2023,val,14.90999984741211,15.832084973653158,0.3273643819502668,3,0.9220851262410488,AGGREGATE_WEAK_SUPERVISION,GRU,J5_FULL
294,Tuban,2024,test,14.359999656677246,15.693236351013184,0.3070029955805889,3,1.3332366943359375,AGGREGATE_WEAK_SUPERVISION,GRU,J5_FULL
295,Tuban,2025,test,14.130000114440918,15.305889447530111,0.2819639049621004,3,1.1758893330891933,AGGREGATE_WEAK_SUPERVISION,GRU,J5_FULL
296,Tulungagung,2018,train,7.269999980926514,8.311333338419596,0.06250868823071028,3,1.041333357493082,AGGREGATE_WEAK_SUPERVISION,GRU,J5_FULL
297,Tulungagung,2019,train,6.739999771118164,6.659537474314372,0.09792342136776955,3,0.08046229680379202,AGGREGATE_WEAK_SUPERVISION,GRU,J5_FULL
298,Tulungagung,2020,train,7.329999923706055,7.161360899607341,0.10303031053281826,3,0.1686390240987139,AGGREGATE_WEAK_SUPERVISION,GRU,J5_FULL
299,Tulungagung,2021,train,7.510000228881836,7.008879661560059,0.0895765229655108,3,0.5011205673217773,AGGREGATE_WEAK_SUPERVISION,GRU,J5_FULL
300,Tulungagung,2022,train,6.710000038146973,6.970852692921956,0.07363024925045576,3,0.26085265477498343,AGGREGATE_WEAK_SUPERVISION,GRU,J5_FULL
301,Tulungagung,2023,val,6.53000020980835,6.6662899653116865,0.16762598053214803,3,0.13628975550333688,AGGREGATE_WEAK_SUPERVISION,GRU,J5_FULL
302,Tulungagung,2024,test,6.28000020980835,6.517998854319255,0.22691776719166684,3,0.23799864451090524,AGGREGATE_WEAK_SUPERVISION,GRU,J5_FULL
303,Tulungagung,2025,test,5.960000038146973,6.192491372426351,0.31095314972887944,3,0.23249133427937796,AGGREGATE_WEAK_SUPERVISION,GRU,J5_FULL
