name_2,year,split,bps_poverty_percent,prediction_kabupaten,prediction_seed_std,seed_count,absolute_error,method,model,scenario
Bangkalan,2018,train,19.59000015258789,20.438371658325195,0.41749416996424954,3,0.8483715057373047,AGGREGATE_WEAK_SUPERVISION,MLP,J3_PCD_IMAGE
Bangkalan,2019,train,18.899999618530277,19.7574405670166,0.14733729761896722,3,0.8574409484863246,AGGREGATE_WEAK_SUPERVISION,MLP,J3_PCD_IMAGE
Bangkalan,2020,train,20.559999465942383,21.354637781778973,0.21008186224977998,3,0.7946383158365897,AGGREGATE_WEAK_SUPERVISION,MLP,J3_PCD_IMAGE
Bangkalan,2021,train,21.56999969482422,21.940520604451496,0.07412088750147768,3,0.37052090962727746,AGGREGATE_WEAK_SUPERVISION,MLP,J3_PCD_IMAGE
Bangkalan,2022,train,19.440000534057617,19.9871088663737,0.4232531507296023,3,0.5471083323160819,AGGREGATE_WEAK_SUPERVISION,MLP,J3_PCD_IMAGE
Bangkalan,2023,val,19.350000381469727,18.51406733194987,0.8630802590606305,3,0.8359330495198556,AGGREGATE_WEAK_SUPERVISION,MLP,J3_PCD_IMAGE
Bangkalan,2024,test,18.65999984741211,18.98423131306966,0.7240399785925811,3,0.3242314656575509,AGGREGATE_WEAK_SUPERVISION,MLP,J3_PCD_IMAGE
Bangkalan,2025,test,18.25,18.806246439615887,1.0117221686696403,3,0.5562464396158866,AGGREGATE_WEAK_SUPERVISION,MLP,J3_PCD_IMAGE
Banyuwangi,2018,train,7.800000190734863,8.003270785013834,0.10274979540823939,3,0.20327059427897076,AGGREGATE_WEAK_SUPERVISION,MLP,J3_PCD_IMAGE
Banyuwangi,2019,train,7.519999980926514,7.493441899617513,0.044101694125810345,3,0.026558081309000947,AGGREGATE_WEAK_SUPERVISION,MLP,J3_PCD_IMAGE
Banyuwangi,2020,train,8.0600004196167,8.177944501241049,0.15831947171075084,3,0.11794408162434955,AGGREGATE_WEAK_SUPERVISION,MLP,J3_PCD_IMAGE
Banyuwangi,2021,train,8.069999694824219,8.176362832387289,0.23481329085990912,3,0.10636313756307025,AGGREGATE_WEAK_SUPERVISION,MLP,J3_PCD_IMAGE
Banyuwangi,2022,train,7.510000228881836,7.5057915051778155,0.17555135310279146,3,0.004208723704020478,AGGREGATE_WEAK_SUPERVISION,MLP,J3_PCD_IMAGE
Banyuwangi,2023,val,7.340000152587891,7.630563894907634,0.23658033870712838,3,0.29056374231974313,AGGREGATE_WEAK_SUPERVISION,MLP,J3_PCD_IMAGE
Banyuwangi,2024,test,6.539999961853027,7.61138121287028,0.32549712202270054,3,1.071381251017253,AGGREGATE_WEAK_SUPERVISION,MLP,J3_PCD_IMAGE
Banyuwangi,2025,test,6.130000114440918,7.243234316507976,0.1683898285111223,3,1.1132342020670576,AGGREGATE_WEAK_SUPERVISION,MLP,J3_PCD_IMAGE
Batu,2018,train,3.890000104904175,3.7263521353403726,0.18307612512394314,3,0.16364796956380223,AGGREGATE_WEAK_SUPERVISION,MLP,J3_PCD_IMAGE
Batu,2019,train,3.809999942779541,3.6751012802124023,0.16263980862181998,3,0.13489866256713867,AGGREGATE_WEAK_SUPERVISION,MLP,J3_PCD_IMAGE
Batu,2020,train,3.890000104904175,3.81469464302063,0.1190676177322673,3,0.07530546188354492,AGGREGATE_WEAK_SUPERVISION,MLP,J3_PCD_IMAGE
Batu,2021,train,4.090000152587891,3.8987441857655845,0.0488333952541581,3,0.19125596682230617,AGGREGATE_WEAK_SUPERVISION,MLP,J3_PCD_IMAGE
Batu,2022,train,3.7899999618530273,3.6960810820261636,0.0987107207647894,3,0.09391887982686375,AGGREGATE_WEAK_SUPERVISION,MLP,J3_PCD_IMAGE
Batu,2023,val,3.309999942779541,3.6880467732747397,0.20651038633866328,3,0.3780468304951987,AGGREGATE_WEAK_SUPERVISION,MLP,J3_PCD_IMAGE
Batu,2024,test,3.059999942779541,3.5617853800455728,0.19637348988061837,3,0.5017854372660318,AGGREGATE_WEAK_SUPERVISION,MLP,J3_PCD_IMAGE
Batu,2025,test,2.859999895095825,3.4568264484405518,0.28795255083555116,3,0.5968265533447266,AGGREGATE_WEAK_SUPERVISION,MLP,J3_PCD_IMAGE
Blitar,2018,train,9.720000267028809,9.671633084615072,0.1913821296116499,3,0.04836718241373639,AGGREGATE_WEAK_SUPERVISION,MLP,J3_PCD_IMAGE
Blitar,2019,train,8.9399995803833,9.149538040161133,0.16408694122546777,3,0.20953845977783203,AGGREGATE_WEAK_SUPERVISION,MLP,J3_PCD_IMAGE
Blitar,2020,train,9.329999923706056,9.647676467895508,0.2020344379161183,3,0.31767654418945135,AGGREGATE_WEAK_SUPERVISION,MLP,J3_PCD_IMAGE
Blitar,2021,train,9.649999618530272,9.736529986063639,0.3028548325027558,3,0.08653036753336707,AGGREGATE_WEAK_SUPERVISION,MLP,J3_PCD_IMAGE
Blitar,2022,train,8.710000038146973,9.135661125183105,0.34799310350751594,3,0.4256610870361328,AGGREGATE_WEAK_SUPERVISION,MLP,J3_PCD_IMAGE
Blitar,2023,val,8.6899995803833,8.995281219482422,0.018164220875219763,3,0.3052816390991211,AGGREGATE_WEAK_SUPERVISION,MLP,J3_PCD_IMAGE
Blitar,2024,test,8.15999984741211,8.91334597269694,0.33568563894629017,3,0.7533461252848301,AGGREGATE_WEAK_SUPERVISION,MLP,J3_PCD_IMAGE
Blitar,2025,test,7.570000171661377,8.612252235412598,0.47090605648381906,3,1.0422520637512207,AGGREGATE_WEAK_SUPERVISION,MLP,J3_PCD_IMAGE
Bojonegoro,2018,train,13.15999984741211,13.252352396647135,0.2815923371435945,3,0.09235254923502545,AGGREGATE_WEAK_SUPERVISION,MLP,J3_PCD_IMAGE
Bojonegoro,2019,train,12.380000114440918,12.771888732910156,0.4870125388580745,3,0.3918886184692383,AGGREGATE_WEAK_SUPERVISION,MLP,J3_PCD_IMAGE
Bojonegoro,2020,train,12.869999885559082,12.837243715922037,0.08960740060441036,3,0.03275616963704486,AGGREGATE_WEAK_SUPERVISION,MLP,J3_PCD_IMAGE
Bojonegoro,2021,train,13.270000457763672,13.211949666341146,0.12027645828059369,3,0.05805079142252545,AGGREGATE_WEAK_SUPERVISION,MLP,J3_PCD_IMAGE
Bojonegoro,2022,train,12.210000038146973,12.378527959187826,0.01871665275815833,3,0.16852792104085346,AGGREGATE_WEAK_SUPERVISION,MLP,J3_PCD_IMAGE
Bojonegoro,2023,val,12.18000030517578,12.591143925984701,0.4014564323491854,3,0.41114362080892164,AGGREGATE_WEAK_SUPERVISION,MLP,J3_PCD_IMAGE
Bojonegoro,2024,test,11.6899995803833,12.441686630249023,0.438187283705862,3,0.7516870498657227,AGGREGATE_WEAK_SUPERVISION,MLP,J3_PCD_IMAGE
Bojonegoro,2025,test,11.489999771118164,13.069925626118978,0.22646873175137316,3,1.5799258550008144,AGGREGATE_WEAK_SUPERVISION,MLP,J3_PCD_IMAGE
Bondowoso,2018,train,14.390000343322754,14.494168917338053,0.1363779168946531,3,0.10416857401529889,AGGREGATE_WEAK_SUPERVISION,MLP,J3_PCD_IMAGE
Bondowoso,2019,train,13.329999923706056,13.608036359151205,0.1835087088071941,3,0.27803643544514856,AGGREGATE_WEAK_SUPERVISION,MLP,J3_PCD_IMAGE
Bondowoso,2020,train,14.170000076293944,14.352690696716309,0.10085190902514032,3,0.18269062042236506,AGGREGATE_WEAK_SUPERVISION,MLP,J3_PCD_IMAGE
Bondowoso,2021,train,14.729999542236328,14.822816848754883,0.11156086902940278,3,0.09281730651855469,AGGREGATE_WEAK_SUPERVISION,MLP,J3_PCD_IMAGE
Bondowoso,2022,train,13.470000267028809,13.855848630269369,0.13207877089740933,3,0.3858483632405605,AGGREGATE_WEAK_SUPERVISION,MLP,J3_PCD_IMAGE
Bondowoso,2023,val,13.34000015258789,13.48478921254476,0.31463927418506366,3,0.14478905995686908,AGGREGATE_WEAK_SUPERVISION,MLP,J3_PCD_IMAGE
Bondowoso,2024,test,12.600000381469728,13.051162401835123,0.3124967498249585,3,0.45116202036539477,AGGREGATE_WEAK_SUPERVISION,MLP,J3_PCD_IMAGE
Bondowoso,2025,test,12.199999809265137,12.725675900777182,0.09732153902980216,3,0.5256760915120449,AGGREGATE_WEAK_SUPERVISION,MLP,J3_PCD_IMAGE
Gresik,2018,train,11.890000343322754,11.85159174601237,0.18090272531270393,3,0.03840859731038471,AGGREGATE_WEAK_SUPERVISION,MLP,J3_PCD_IMAGE
Gresik,2019,train,11.350000381469728,11.553248723347982,0.1151669840520083,3,0.20324834187825402,AGGREGATE_WEAK_SUPERVISION,MLP,J3_PCD_IMAGE
Gresik,2020,train,12.399999618530272,12.18085161844889,0.1320116213974433,3,0.2191480000813808,AGGREGATE_WEAK_SUPERVISION,MLP,J3_PCD_IMAGE
Gresik,2021,train,12.420000076293944,12.262948989868164,0.0983688682770259,3,0.15705108642577947,AGGREGATE_WEAK_SUPERVISION,MLP,J3_PCD_IMAGE
Gresik,2022,train,11.0600004196167,11.203308741251627,0.07028286164527614,3,0.1433083216349278,AGGREGATE_WEAK_SUPERVISION,MLP,J3_PCD_IMAGE
Gresik,2023,val,10.960000038146973,10.841494878133139,0.15235605407231076,3,0.11850516001383404,AGGREGATE_WEAK_SUPERVISION,MLP,J3_PCD_IMAGE
Gresik,2024,test,10.31999969482422,10.799324671427408,0.33884125906237245,3,0.47932497660318774,AGGREGATE_WEAK_SUPERVISION,MLP,J3_PCD_IMAGE
Gresik,2025,test,9.949999809265137,10.35802141825358,0.41333799188424497,3,0.4080216089884434,AGGREGATE_WEAK_SUPERVISION,MLP,J3_PCD_IMAGE
Jember,2018,train,9.979999542236328,10.11743958791097,0.22363314947651977,3,0.13744004567464252,AGGREGATE_WEAK_SUPERVISION,MLP,J3_PCD_IMAGE
Jember,2019,train,9.25,9.544666290283203,0.1585683456696523,3,0.2946662902832031,AGGREGATE_WEAK_SUPERVISION,MLP,J3_PCD_IMAGE
Jember,2020,train,10.09000015258789,10.020096143086752,0.15220993661863505,3,0.06990400950113873,AGGREGATE_WEAK_SUPERVISION,MLP,J3_PCD_IMAGE
Jember,2021,train,10.40999984741211,10.437783241271973,0.3175573260844089,3,0.02778339385986328,AGGREGATE_WEAK_SUPERVISION,MLP,J3_PCD_IMAGE
Jember,2022,train,9.390000343322754,9.705270449320475,0.21132244600864694,3,0.31527010599772076,AGGREGATE_WEAK_SUPERVISION,MLP,J3_PCD_IMAGE
Jember,2023,val,9.510000228881836,9.769537607828775,0.11774866951080608,3,0.2595373789469395,AGGREGATE_WEAK_SUPERVISION,MLP,J3_PCD_IMAGE
Jember,2024,test,9.010000228881836,9.346525510152182,0.30525175437039853,3,0.33652528127034564,AGGREGATE_WEAK_SUPERVISION,MLP,J3_PCD_IMAGE
Jember,2025,test,8.670000076293945,9.184751828511557,0.34848456749283735,3,0.5147517522176113,AGGREGATE_WEAK_SUPERVISION,MLP,J3_PCD_IMAGE
Jombang,2018,train,9.5600004196167,9.544059753417969,0.04405747386063839,3,0.01594066619873047,AGGREGATE_WEAK_SUPERVISION,MLP,J3_PCD_IMAGE
Jombang,2019,train,9.220000267028809,9.395466486612955,0.2628553962240993,3,0.17546621958414654,AGGREGATE_WEAK_SUPERVISION,MLP,J3_PCD_IMAGE
Jombang,2020,train,9.9399995803833,9.821123758951822,0.14458045801381927,3,0.11887582143147846,AGGREGATE_WEAK_SUPERVISION,MLP,J3_PCD_IMAGE
Jombang,2021,train,10.0,10.054215431213379,0.11693050836555997,3,0.054215431213378906,AGGREGATE_WEAK_SUPERVISION,MLP,J3_PCD_IMAGE
Jombang,2022,train,9.039999961853027,9.211686134338379,0.11059165477464943,3,0.17168617248535156,AGGREGATE_WEAK_SUPERVISION,MLP,J3_PCD_IMAGE
Jombang,2023,val,9.149999618530272,8.849419911702475,0.13002876600596636,3,0.3005797068277971,AGGREGATE_WEAK_SUPERVISION,MLP,J3_PCD_IMAGE
Jombang,2024,test,8.600000381469727,8.767985026041666,0.26555539340635775,3,0.1679846445719395,AGGREGATE_WEAK_SUPERVISION,MLP,J3_PCD_IMAGE
Jombang,2025,test,8.359999656677246,8.148195107777914,0.2517862680017913,3,0.2118045488993321,AGGREGATE_WEAK_SUPERVISION,MLP,J3_PCD_IMAGE
Kediri,2018,train,11.3100004196167,11.152653694152832,0.17299442103088225,3,0.1573467254638672,AGGREGATE_WEAK_SUPERVISION,MLP,J3_PCD_IMAGE
Kediri,2019,train,10.420000076293944,10.590610186258951,0.15590829932500155,3,0.1706101099650077,AGGREGATE_WEAK_SUPERVISION,MLP,J3_PCD_IMAGE
Kediri,2020,train,11.399999618530272,11.380813280741373,0.05574182942854516,3,0.019186337788898555,AGGREGATE_WEAK_SUPERVISION,MLP,J3_PCD_IMAGE
Kediri,2021,train,11.640000343322754,11.599065780639648,0.10777989940876558,3,0.04093456268310547,AGGREGATE_WEAK_SUPERVISION,MLP,J3_PCD_IMAGE
Kediri,2022,train,10.649999618530272,10.569676399230957,0.13831209197880528,3,0.08032321929931463,AGGREGATE_WEAK_SUPERVISION,MLP,J3_PCD_IMAGE
Kediri,2023,val,10.720000267028809,10.424338022867838,0.26725890512693595,3,0.29566224416097064,AGGREGATE_WEAK_SUPERVISION,MLP,J3_PCD_IMAGE
Kediri,2024,test,9.949999809265137,10.354246139526367,0.24139240660659989,3,0.40424633026123047,AGGREGATE_WEAK_SUPERVISION,MLP,J3_PCD_IMAGE
Kediri,2025,test,9.8100004196167,9.933189709981283,0.2734377311513936,3,0.12318929036458393,AGGREGATE_WEAK_SUPERVISION,MLP,J3_PCD_IMAGE
KotaBlitar,2018,train,7.440000057220459,7.568485418955485,0.06617927047649737,3,0.12848536173502634,AGGREGATE_WEAK_SUPERVISION,MLP,J3_PCD_IMAGE
KotaBlitar,2019,train,7.130000114440918,7.259696801503499,0.08281860787002418,3,0.12969668706258108,AGGREGATE_WEAK_SUPERVISION,MLP,J3_PCD_IMAGE
KotaBlitar,2020,train,7.78000020980835,7.808658917744954,0.03298552037460959,3,0.02865870793660452,AGGREGATE_WEAK_SUPERVISION,MLP,J3_PCD_IMAGE
KotaBlitar,2021,train,7.889999866485596,7.807297547658284,0.07316988806679417,3,0.0827023188273115,AGGREGATE_WEAK_SUPERVISION,MLP,J3_PCD_IMAGE
KotaBlitar,2022,train,7.369999885559082,7.418153603871663,0.044886630000739204,3,0.048153718312581084,AGGREGATE_WEAK_SUPERVISION,MLP,J3_PCD_IMAGE
KotaBlitar,2023,val,7.300000190734863,6.755683422088623,0.3459238624611519,3,0.5443167686462402,AGGREGATE_WEAK_SUPERVISION,MLP,J3_PCD_IMAGE
KotaBlitar,2024,test,6.75,6.563942909240723,0.41628100335349444,3,0.18605709075927734,AGGREGATE_WEAK_SUPERVISION,MLP,J3_PCD_IMAGE
KotaBlitar,2025,test,6.599999904632568,6.532802263895671,0.3964975195745431,3,0.06719764073689749,AGGREGATE_WEAK_SUPERVISION,MLP,J3_PCD_IMAGE
KotaKediri,2018,train,7.679999828338623,7.6905873616536455,0.23138093006922986,3,0.01058753331502249,AGGREGATE_WEAK_SUPERVISION,MLP,J3_PCD_IMAGE
KotaKediri,2019,train,7.159999847412109,7.246445496877034,0.10964250587110183,3,0.08644564946492483,AGGREGATE_WEAK_SUPERVISION,MLP,J3_PCD_IMAGE
KotaKediri,2020,train,7.690000057220459,7.743687152862549,0.10724197764411374,3,0.053687095642089844,AGGREGATE_WEAK_SUPERVISION,MLP,J3_PCD_IMAGE
KotaKediri,2021,train,7.75,7.665997664133708,0.1043943688770644,3,0.08400233586629202,AGGREGATE_WEAK_SUPERVISION,MLP,J3_PCD_IMAGE
KotaKediri,2022,train,7.230000019073486,7.267414569854736,0.047978607866939256,3,0.03741455078125,AGGREGATE_WEAK_SUPERVISION,MLP,J3_PCD_IMAGE
KotaKediri,2023,val,7.150000095367432,6.637890815734863,0.15539566630918208,3,0.5121092796325684,AGGREGATE_WEAK_SUPERVISION,MLP,J3_PCD_IMAGE
KotaKediri,2024,test,6.510000228881836,6.4809064865112305,0.11920076243611395,3,0.02909374237060547,AGGREGATE_WEAK_SUPERVISION,MLP,J3_PCD_IMAGE
KotaKediri,2025,test,6.039999961853027,6.225290616353353,0.21641408309121155,3,0.18529065450032522,AGGREGATE_WEAK_SUPERVISION,MLP,J3_PCD_IMAGE
KotaMadiun,2018,train,4.489999771118164,4.530969619750977,0.2588813346070012,3,0.0409698486328125,AGGREGATE_WEAK_SUPERVISION,MLP,J3_PCD_IMAGE
KotaMadiun,2019,train,4.349999904632568,4.504266262054443,0.19652142701907324,3,0.154266357421875,AGGREGATE_WEAK_SUPERVISION,MLP,J3_PCD_IMAGE
KotaMadiun,2020,train,4.980000019073486,5.058888117472331,0.13134054984003038,3,0.0788880983988447,AGGREGATE_WEAK_SUPERVISION,MLP,J3_PCD_IMAGE
KotaMadiun,2021,train,5.090000152587891,5.113326231638591,0.14757635253249057,3,0.023326079050700166,AGGREGATE_WEAK_SUPERVISION,MLP,J3_PCD_IMAGE
KotaMadiun,2022,train,4.760000228881836,4.871708075205485,0.14121900849955038,3,0.11170784632364938,AGGREGATE_WEAK_SUPERVISION,MLP,J3_PCD_IMAGE
KotaMadiun,2023,val,4.739999771118164,4.378098169962565,0.2785315905005697,3,0.36190160115559866,AGGREGATE_WEAK_SUPERVISION,MLP,J3_PCD_IMAGE
KotaMadiun,2024,test,4.380000114440918,4.344666798909505,0.29332290267774513,3,0.035333315531413056,AGGREGATE_WEAK_SUPERVISION,MLP,J3_PCD_IMAGE
KotaMadiun,2025,test,3.890000104904175,4.19098695119222,0.2932758601973056,3,0.30098684628804495,AGGREGATE_WEAK_SUPERVISION,MLP,J3_PCD_IMAGE
KotaMalang,2018,train,4.099999904632568,4.103912512461345,0.050387866138756766,3,0.003912607828776338,AGGREGATE_WEAK_SUPERVISION,MLP,J3_PCD_IMAGE
KotaMalang,2019,train,4.070000171661377,4.124737580617269,0.03930420069912102,3,0.05473740895589163,AGGREGATE_WEAK_SUPERVISION,MLP,J3_PCD_IMAGE
KotaMalang,2020,train,4.440000057220459,4.600525697072347,0.04592879250748888,3,0.16052563985188772,AGGREGATE_WEAK_SUPERVISION,MLP,J3_PCD_IMAGE
KotaMalang,2021,train,4.619999885559082,4.769871075948079,0.0894119045805833,3,0.1498711903889971,AGGREGATE_WEAK_SUPERVISION,MLP,J3_PCD_IMAGE
KotaMalang,2022,train,4.369999885559082,4.384191195170085,0.03816182808207353,3,0.0141913096110029,AGGREGATE_WEAK_SUPERVISION,MLP,J3_PCD_IMAGE
KotaMalang,2023,val,4.260000228881836,4.15966272354126,0.02210799277907654,3,0.10033750534057617,AGGREGATE_WEAK_SUPERVISION,MLP,J3_PCD_IMAGE
KotaMalang,2024,test,3.910000085830689,3.9918710390726724,0.04541534122344101,3,0.08187095324198346,AGGREGATE_WEAK_SUPERVISION,MLP,J3_PCD_IMAGE
KotaMalang,2025,test,3.849999904632568,3.8951597213745117,0.05181816138269809,3,0.0451598167419438,AGGREGATE_WEAK_SUPERVISION,MLP,J3_PCD_IMAGE
KotaMojokerto,2018,train,5.5,5.37634801864624,0.015110157115387338,3,0.12365198135375977,AGGREGATE_WEAK_SUPERVISION,MLP,J3_PCD_IMAGE
KotaMojokerto,2019,train,5.150000095367432,5.324535528818767,0.0606170246697749,3,0.17453543345133493,AGGREGATE_WEAK_SUPERVISION,MLP,J3_PCD_IMAGE
KotaMojokerto,2020,train,6.239999771118164,6.1094285647074384,0.0614004331107583,3,0.13057120641072562,AGGREGATE_WEAK_SUPERVISION,MLP,J3_PCD_IMAGE
KotaMojokerto,2021,train,6.389999866485596,6.362556457519531,0.07704795964381082,3,0.027443408966064453,AGGREGATE_WEAK_SUPERVISION,MLP,J3_PCD_IMAGE
KotaMojokerto,2022,train,5.980000019073486,5.844635804494222,0.07651036802998902,3,0.13536421457926462,AGGREGATE_WEAK_SUPERVISION,MLP,J3_PCD_IMAGE
KotaMojokerto,2023,val,5.769999980926514,5.574979941050212,0.1084615479924054,3,0.1950200398763018,AGGREGATE_WEAK_SUPERVISION,MLP,J3_PCD_IMAGE
KotaMojokerto,2024,test,5.570000171661377,5.417547702789307,0.14115925891319184,3,0.1524524688720703,AGGREGATE_WEAK_SUPERVISION,MLP,J3_PCD_IMAGE
KotaMojokerto,2025,test,5.050000190734863,5.303467432657878,0.15505409955257882,3,0.2534672419230146,AGGREGATE_WEAK_SUPERVISION,MLP,J3_PCD_IMAGE
KotaPasuruan,2018,train,6.769999980926514,6.775585969289144,0.04349363603708951,3,0.005585988362629912,AGGREGATE_WEAK_SUPERVISION,MLP,J3_PCD_IMAGE
KotaPasuruan,2019,train,6.460000038146973,6.6706306139628095,0.03601642020722533,3,0.21063057581583688,AGGREGATE_WEAK_SUPERVISION,MLP,J3_PCD_IMAGE
KotaPasuruan,2020,train,6.659999847412109,6.9626970291137695,0.007561085299405952,3,0.30269718170166016,AGGREGATE_WEAK_SUPERVISION,MLP,J3_PCD_IMAGE
KotaPasuruan,2021,train,6.880000114440918,6.8755143483479815,0.16866809673212727,3,0.004485766092936494,AGGREGATE_WEAK_SUPERVISION,MLP,J3_PCD_IMAGE
KotaPasuruan,2022,train,6.369999885559082,6.494607925415039,0.12931862419715467,3,0.12460803985595703,AGGREGATE_WEAK_SUPERVISION,MLP,J3_PCD_IMAGE
KotaPasuruan,2023,val,6.599999904632568,5.908694903055827,0.2967227677727887,3,0.6913050015767412,AGGREGATE_WEAK_SUPERVISION,MLP,J3_PCD_IMAGE
KotaPasuruan,2024,test,6.320000171661377,5.845193227132161,0.14285827134270576,3,0.4748069445292158,AGGREGATE_WEAK_SUPERVISION,MLP,J3_PCD_IMAGE
KotaPasuruan,2025,test,6.179999828338623,5.639018694559733,0.31590569446356076,3,0.5409811337788897,AGGREGATE_WEAK_SUPERVISION,MLP,J3_PCD_IMAGE
KotaProbolinggo,2018,train,7.199999809265137,7.293112754821777,0.10456730464595876,3,0.09311294555664062,AGGREGATE_WEAK_SUPERVISION,MLP,J3_PCD_IMAGE
KotaProbolinggo,2019,train,6.909999847412109,7.057669639587402,0.06134909978165519,3,0.14766979217529297,AGGREGATE_WEAK_SUPERVISION,MLP,J3_PCD_IMAGE
KotaProbolinggo,2020,train,7.429999828338623,7.411134243011475,0.10311038742914433,3,0.018865585327148438,AGGREGATE_WEAK_SUPERVISION,MLP,J3_PCD_IMAGE
KotaProbolinggo,2021,train,7.440000057220459,7.42829704284668,0.06860349113054905,3,0.011703014373779297,AGGREGATE_WEAK_SUPERVISION,MLP,J3_PCD_IMAGE
KotaProbolinggo,2022,train,6.650000095367432,6.9125181833903,0.06837525229308457,3,0.26251808802286813,AGGREGATE_WEAK_SUPERVISION,MLP,J3_PCD_IMAGE
KotaProbolinggo,2023,val,6.480000019073486,6.524941921234131,0.16952865278657128,3,0.04494190216064453,AGGREGATE_WEAK_SUPERVISION,MLP,J3_PCD_IMAGE
KotaProbolinggo,2024,test,6.179999828338623,6.446067174275716,0.1830281979097383,3,0.2660673459370928,AGGREGATE_WEAK_SUPERVISION,MLP,J3_PCD_IMAGE
KotaProbolinggo,2025,test,5.690000057220459,6.220479488372803,0.29238732134712636,3,0.5304794311523438,AGGREGATE_WEAK_SUPERVISION,MLP,J3_PCD_IMAGE
Lamongan,2018,train,13.800000190734863,13.885869661966959,0.33361514107227813,3,0.08586947123209576,AGGREGATE_WEAK_SUPERVISION,MLP,J3_PCD_IMAGE
Lamongan,2019,train,13.210000038146973,13.429931004842123,0.16288920520453323,3,0.21993096669515033,AGGREGATE_WEAK_SUPERVISION,MLP,J3_PCD_IMAGE
Lamongan,2020,train,13.850000381469728,13.783155759175619,0.17387989381744376,3,0.06684462229410926,AGGREGATE_WEAK_SUPERVISION,MLP,J3_PCD_IMAGE
Lamongan,2021,train,13.859999656677246,13.75315793355306,0.2523396406133976,3,0.1068417231241856,AGGREGATE_WEAK_SUPERVISION,MLP,J3_PCD_IMAGE
Lamongan,2022,train,12.529999732971191,12.556966145833334,0.1509914775394012,3,0.02696641286214252,AGGREGATE_WEAK_SUPERVISION,MLP,J3_PCD_IMAGE
Lamongan,2023,val,12.420000076293944,14.247929890950521,0.8683809401326049,3,1.827929814656578,AGGREGATE_WEAK_SUPERVISION,MLP,J3_PCD_IMAGE
Lamongan,2024,test,12.15999984741211,13.629927635192871,1.1452693821216913,3,1.4699277877807617,AGGREGATE_WEAK_SUPERVISION,MLP,J3_PCD_IMAGE
Lamongan,2025,test,12.029999732971191,12.014761924743652,0.5151880166847856,3,0.015237808227539062,AGGREGATE_WEAK_SUPERVISION,MLP,J3_PCD_IMAGE
Lumajang,2018,train,9.979999542236328,10.020552317301432,0.0950486947221912,3,0.040552775065103575,AGGREGATE_WEAK_SUPERVISION,MLP,J3_PCD_IMAGE
Lumajang,2019,train,9.489999771118164,9.778991063435873,0.1135304174017442,3,0.2889912923177089,AGGREGATE_WEAK_SUPERVISION,MLP,J3_PCD_IMAGE
Lumajang,2020,train,9.829999923706056,10.083901087443033,0.1485583264531672,3,0.2539011637369768,AGGREGATE_WEAK_SUPERVISION,MLP,J3_PCD_IMAGE
Lumajang,2021,train,10.050000190734863,10.388243675231934,0.3211956366863251,3,0.3382434844970703,AGGREGATE_WEAK_SUPERVISION,MLP,J3_PCD_IMAGE
Lumajang,2022,train,9.0600004196167,9.249077796936035,0.15361651123266534,3,0.18907737731933594,AGGREGATE_WEAK_SUPERVISION,MLP,J3_PCD_IMAGE
Lumajang,2023,val,8.930000305175781,9.033108711242676,0.11124334542005322,3,0.10310840606689453,AGGREGATE_WEAK_SUPERVISION,MLP,J3_PCD_IMAGE
Lumajang,2024,test,8.649999618530273,9.006428400675455,0.07130026613401091,3,0.3564287821451817,AGGREGATE_WEAK_SUPERVISION,MLP,J3_PCD_IMAGE
Lumajang,2025,test,8.600000381469727,8.898789723714193,0.16214116636110298,3,0.29878934224446674,AGGREGATE_WEAK_SUPERVISION,MLP,J3_PCD_IMAGE
Madiun,2018,train,11.420000076293944,11.78981081644694,0.3357659004905932,3,0.369810740152996,AGGREGATE_WEAK_SUPERVISION,MLP,J3_PCD_IMAGE
Madiun,2019,train,10.539999961853027,10.778207143147787,0.05466340618651867,3,0.2382071812947597,AGGREGATE_WEAK_SUPERVISION,MLP,J3_PCD_IMAGE
Madiun,2020,train,11.460000038146973,11.473652839660645,0.07697271423950494,3,0.013652801513671875,AGGREGATE_WEAK_SUPERVISION,MLP,J3_PCD_IMAGE
Madiun,2021,train,11.90999984741211,12.172941525777182,0.3195768860366257,3,0.2629416783650722,AGGREGATE_WEAK_SUPERVISION,MLP,J3_PCD_IMAGE
Madiun,2022,train,10.789999961853027,11.121412913004557,0.13509052267573107,3,0.33141295115152936,AGGREGATE_WEAK_SUPERVISION,MLP,J3_PCD_IMAGE
Madiun,2023,val,11.039999961853027,10.057609875996908,0.32812958529077024,3,0.9823900858561192,AGGREGATE_WEAK_SUPERVISION,MLP,J3_PCD_IMAGE
Madiun,2024,test,10.630000114440918,9.755407015482584,0.4932372663707354,3,0.8745930989583339,AGGREGATE_WEAK_SUPERVISION,MLP,J3_PCD_IMAGE
Madiun,2025,test,10.399999618530272,9.521300633748373,0.9780754669505907,3,0.8786989847818987,AGGREGATE_WEAK_SUPERVISION,MLP,J3_PCD_IMAGE
Magetan,2018,train,10.3100004196167,10.355185826619467,0.17489403496388573,3,0.04518540700276752,AGGREGATE_WEAK_SUPERVISION,MLP,J3_PCD_IMAGE
Magetan,2019,train,9.609999656677246,9.863760948181152,0.050542453273346416,3,0.25376129150390625,AGGREGATE_WEAK_SUPERVISION,MLP,J3_PCD_IMAGE
Magetan,2020,train,10.350000381469728,10.541620254516603,0.21177157629488272,3,0.191619873046875,AGGREGATE_WEAK_SUPERVISION,MLP,J3_PCD_IMAGE
Magetan,2021,train,10.65999984741211,10.932182629903158,0.08201882538408174,3,0.27218278249104877,AGGREGATE_WEAK_SUPERVISION,MLP,J3_PCD_IMAGE
Magetan,2022,train,9.84000015258789,10.034306526184082,0.17974524510154277,3,0.1943063735961914,AGGREGATE_WEAK_SUPERVISION,MLP,J3_PCD_IMAGE
Magetan,2023,val,9.800000190734863,10.088360786437988,0.13423327748724376,3,0.288360595703125,AGGREGATE_WEAK_SUPERVISION,MLP,J3_PCD_IMAGE
Magetan,2024,test,9.31999969482422,10.131229082743326,0.2648854067348027,3,0.8112293879191057,AGGREGATE_WEAK_SUPERVISION,MLP,J3_PCD_IMAGE
Magetan,2025,test,9.140000343322754,8.970160166422525,0.4698580861649824,3,0.16984017690022846,AGGREGATE_WEAK_SUPERVISION,MLP,J3_PCD_IMAGE
Malang,2018,train,10.369999885559082,10.308729807535807,0.0696922203885301,3,0.06127007802327533,AGGREGATE_WEAK_SUPERVISION,MLP,J3_PCD_IMAGE
Malang,2019,train,9.470000267028809,9.778068542480469,0.09531291181945635,3,0.30806827545166016,AGGREGATE_WEAK_SUPERVISION,MLP,J3_PCD_IMAGE
Malang,2020,train,10.149999618530272,10.216203053792318,0.19313053537126135,3,0.06620343526204664,AGGREGATE_WEAK_SUPERVISION,MLP,J3_PCD_IMAGE
Malang,2021,train,10.5,10.386276563008627,0.12900699449974892,3,0.1137234369913731,AGGREGATE_WEAK_SUPERVISION,MLP,J3_PCD_IMAGE
Malang,2022,train,9.550000190734863,9.71348508199056,0.089072052957332,3,0.1634848912556972,AGGREGATE_WEAK_SUPERVISION,MLP,J3_PCD_IMAGE
Malang,2023,val,9.449999809265137,9.65090306599935,0.11600577504167427,3,0.20090325673421283,AGGREGATE_WEAK_SUPERVISION,MLP,J3_PCD_IMAGE
Malang,2024,test,8.979999542236328,9.669317881266275,0.07618271887255887,3,0.6893183390299473,AGGREGATE_WEAK_SUPERVISION,MLP,J3_PCD_IMAGE
Malang,2025,test,8.779999732971191,9.172568003336588,0.25956883942888354,3,0.39256827036539654,AGGREGATE_WEAK_SUPERVISION,MLP,J3_PCD_IMAGE
Mojokerto,2018,train,10.079999923706056,10.1825532913208,0.11478878219772885,3,0.10255336761474432,AGGREGATE_WEAK_SUPERVISION,MLP,J3_PCD_IMAGE
Mojokerto,2019,train,9.75,9.974649429321289,0.10256720499351468,3,0.22464942932128906,AGGREGATE_WEAK_SUPERVISION,MLP,J3_PCD_IMAGE
Mojokerto,2020,train,10.56999969482422,10.457627932230631,0.08265383819851478,3,0.11237176259358961,AGGREGATE_WEAK_SUPERVISION,MLP,J3_PCD_IMAGE
Mojokerto,2021,train,10.619999885559082,10.603672981262207,0.11164863705550866,3,0.016326904296875,AGGREGATE_WEAK_SUPERVISION,MLP,J3_PCD_IMAGE
Mojokerto,2022,train,9.710000038146973,9.767971356709799,0.13095933626271797,3,0.05797131856282611,AGGREGATE_WEAK_SUPERVISION,MLP,J3_PCD_IMAGE
Mojokerto,2023,val,9.800000190734863,10.174906094868978,0.1767439603048018,3,0.3749059041341152,AGGREGATE_WEAK_SUPERVISION,MLP,J3_PCD_IMAGE
Mojokerto,2024,test,9.369999885559082,9.69343090057373,0.14067655515446584,3,0.32343101501464844,AGGREGATE_WEAK_SUPERVISION,MLP,J3_PCD_IMAGE
Mojokerto,2025,test,8.789999961853027,9.060431798299154,0.3594690128070135,3,0.2704318364461269,AGGREGATE_WEAK_SUPERVISION,MLP,J3_PCD_IMAGE
Nganjuk,2018,train,12.109999656677246,12.146475156148275,0.1936158319574579,3,0.03647549947102924,AGGREGATE_WEAK_SUPERVISION,MLP,J3_PCD_IMAGE
Nganjuk,2019,train,11.239999771118164,11.52836545308431,0.06215230983855672,3,0.2883656819661464,AGGREGATE_WEAK_SUPERVISION,MLP,J3_PCD_IMAGE
Nganjuk,2020,train,11.619999885559082,11.645947774251303,0.15585042660099874,3,0.025947888692220644,AGGREGATE_WEAK_SUPERVISION,MLP,J3_PCD_IMAGE
Nganjuk,2021,train,11.850000381469728,11.905120531717936,0.14526305098778358,3,0.05512015024820727,AGGREGATE_WEAK_SUPERVISION,MLP,J3_PCD_IMAGE
Nganjuk,2022,train,10.699999809265137,11.044436772664389,0.22166663044546867,3,0.3444369633992519,AGGREGATE_WEAK_SUPERVISION,MLP,J3_PCD_IMAGE
Nganjuk,2023,val,10.890000343322754,10.493735631306967,0.39116796693986366,3,0.39626471201578717,AGGREGATE_WEAK_SUPERVISION,MLP,J3_PCD_IMAGE
Nganjuk,2024,test,10.170000076293944,10.342374165852865,0.360597726046962,3,0.17237408955892164,AGGREGATE_WEAK_SUPERVISION,MLP,J3_PCD_IMAGE
Nganjuk,2025,test,10.0600004196167,9.1219482421875,0.08388648359581502,3,0.9380521774291992,AGGREGATE_WEAK_SUPERVISION,MLP,J3_PCD_IMAGE
Ngawi,2018,train,14.829999923706056,14.464423179626465,0.5322382475624312,3,0.3655767440795916,AGGREGATE_WEAK_SUPERVISION,MLP,J3_PCD_IMAGE
Ngawi,2019,train,14.390000343322754,14.790611267089844,0.21698320237348317,3,0.40061092376708984,AGGREGATE_WEAK_SUPERVISION,MLP,J3_PCD_IMAGE
Ngawi,2020,train,15.4399995803833,15.293625195821127,0.06408236131457584,3,0.1463743845621739,AGGREGATE_WEAK_SUPERVISION,MLP,J3_PCD_IMAGE
Ngawi,2021,train,15.56999969482422,15.617687543233236,0.28255448823600204,3,0.04768784840901574,AGGREGATE_WEAK_SUPERVISION,MLP,J3_PCD_IMAGE
Ngawi,2022,train,14.149999618530272,14.32459290822347,0.08987856323146298,3,0.17459328969319898,AGGREGATE_WEAK_SUPERVISION,MLP,J3_PCD_IMAGE
Ngawi,2023,val,14.399999618530272,14.37471071879069,0.13246689227868516,3,0.02528889973958215,AGGREGATE_WEAK_SUPERVISION,MLP,J3_PCD_IMAGE
Ngawi,2024,test,13.8100004196167,13.230838457743326,0.17759029519545086,3,0.579161961873373,AGGREGATE_WEAK_SUPERVISION,MLP,J3_PCD_IMAGE
Ngawi,2025,test,13.619999885559082,14.486460049947103,0.2576987724403679,3,0.8664601643880214,AGGREGATE_WEAK_SUPERVISION,MLP,J3_PCD_IMAGE
Pacitan,2018,train,14.1899995803833,14.489311536153158,0.17083669861868064,3,0.29931195576985736,AGGREGATE_WEAK_SUPERVISION,MLP,J3_PCD_IMAGE
Pacitan,2019,train,13.670000076293944,13.809863090515137,0.1997736505167356,3,0.13986301422119318,AGGREGATE_WEAK_SUPERVISION,MLP,J3_PCD_IMAGE
Pacitan,2020,train,14.539999961853027,14.83374818166097,0.2342249153364049,3,0.2937482198079433,AGGREGATE_WEAK_SUPERVISION,MLP,J3_PCD_IMAGE
Pacitan,2021,train,15.109999656677246,15.10463809967041,0.24136401938933072,3,0.0053615570068359375,AGGREGATE_WEAK_SUPERVISION,MLP,J3_PCD_IMAGE
Pacitan,2022,train,13.800000190734863,14.15032958984375,0.10649765700851946,3,0.3503293991088867,AGGREGATE_WEAK_SUPERVISION,MLP,J3_PCD_IMAGE
Pacitan,2023,val,13.649999618530272,14.403121630350748,0.22973535115927377,3,0.7531220118204764,AGGREGATE_WEAK_SUPERVISION,MLP,J3_PCD_IMAGE
Pacitan,2024,test,13.079999923706056,14.199955304463705,0.2111517382951612,3,1.1199553807576486,AGGREGATE_WEAK_SUPERVISION,MLP,J3_PCD_IMAGE
Pacitan,2025,test,12.970000267028809,13.796564420064291,0.18769877407705154,3,0.8265641530354824,AGGREGATE_WEAK_SUPERVISION,MLP,J3_PCD_IMAGE
Pamekasan,2018,train,14.470000267028809,14.219505627950033,1.0851590795075419,3,0.25049463907877545,AGGREGATE_WEAK_SUPERVISION,MLP,J3_PCD_IMAGE
Pamekasan,2019,train,13.949999809265137,14.406614303588867,0.5789848264118408,3,0.45661449432373047,AGGREGATE_WEAK_SUPERVISION,MLP,J3_PCD_IMAGE
Pamekasan,2020,train,14.600000381469728,15.030680974324545,0.37627692565197207,3,0.4306805928548165,AGGREGATE_WEAK_SUPERVISION,MLP,J3_PCD_IMAGE
Pamekasan,2021,train,15.300000190734863,15.230510075887045,0.149488524117012,3,0.06949011484781842,AGGREGATE_WEAK_SUPERVISION,MLP,J3_PCD_IMAGE
Pamekasan,2022,train,13.93000030517578,14.291378021240234,0.03098931674103311,3,0.3613777160644549,AGGREGATE_WEAK_SUPERVISION,MLP,J3_PCD_IMAGE
Pamekasan,2023,val,13.850000381469728,12.771680196126303,0.5622893460284099,3,1.0783201853434257,AGGREGATE_WEAK_SUPERVISION,MLP,J3_PCD_IMAGE
Pamekasan,2024,test,13.40999984741211,12.62749195098877,0.22857405399395328,3,0.7825078964233398,AGGREGATE_WEAK_SUPERVISION,MLP,J3_PCD_IMAGE
Pamekasan,2025,test,12.770000457763672,11.031683921813965,0.26223326698186844,3,1.738316535949707,AGGREGATE_WEAK_SUPERVISION,MLP,J3_PCD_IMAGE
Pasuruan,2018,train,9.449999809265137,9.498910903930664,0.21242893522654122,3,0.048911094665527344,AGGREGATE_WEAK_SUPERVISION,MLP,J3_PCD_IMAGE
Pasuruan,2019,train,8.680000305175781,9.003405570983887,0.2055538579367439,3,0.32340526580810547,AGGREGATE_WEAK_SUPERVISION,MLP,J3_PCD_IMAGE
Pasuruan,2020,train,9.260000228881836,9.376653671264648,0.19579518089501727,3,0.1166534423828125,AGGREGATE_WEAK_SUPERVISION,MLP,J3_PCD_IMAGE
Pasuruan,2021,train,9.699999809265137,9.6280886332194,0.2860152978637891,3,0.07191117604573627,AGGREGATE_WEAK_SUPERVISION,MLP,J3_PCD_IMAGE
Pasuruan,2022,train,8.960000038146973,9.034639358520508,0.019125414422446037,3,0.07463932037353516,AGGREGATE_WEAK_SUPERVISION,MLP,J3_PCD_IMAGE
Pasuruan,2023,val,9.239999771118164,8.79766591389974,0.15662305006789323,3,0.4423338572184239,AGGREGATE_WEAK_SUPERVISION,MLP,J3_PCD_IMAGE
Pasuruan,2024,test,8.630000114440918,8.420180638631185,0.05487282162226216,3,0.20981947580973248,AGGREGATE_WEAK_SUPERVISION,MLP,J3_PCD_IMAGE
Pasuruan,2025,test,8.210000038146973,8.43794027964274,0.2234392675111554,3,0.22794024149576764,AGGREGATE_WEAK_SUPERVISION,MLP,J3_PCD_IMAGE
Ponorogo,2018,train,10.359999656677246,11.233294486999512,0.2590045855582285,3,0.8732948303222656,AGGREGATE_WEAK_SUPERVISION,MLP,J3_PCD_IMAGE
Ponorogo,2019,train,9.640000343322754,9.871614138285318,0.0532232300897121,3,0.2316137949625645,AGGREGATE_WEAK_SUPERVISION,MLP,J3_PCD_IMAGE
Ponorogo,2020,train,9.949999809265137,10.254257837931315,0.09463214773033381,3,0.3042580286661778,AGGREGATE_WEAK_SUPERVISION,MLP,J3_PCD_IMAGE
Ponorogo,2021,train,10.260000228881836,10.223443031311035,0.22103952859616852,3,0.03655719757080078,AGGREGATE_WEAK_SUPERVISION,MLP,J3_PCD_IMAGE
Ponorogo,2022,train,9.31999969482422,9.64944044748942,0.07521363885430059,3,0.32944075266519945,AGGREGATE_WEAK_SUPERVISION,MLP,J3_PCD_IMAGE
Ponorogo,2023,val,9.529999732971191,8.812366485595703,0.1360177463862377,3,0.7176332473754883,AGGREGATE_WEAK_SUPERVISION,MLP,J3_PCD_IMAGE
Ponorogo,2024,test,9.109999656677246,8.582653999328613,0.12466228842341867,3,0.5273456573486328,AGGREGATE_WEAK_SUPERVISION,MLP,J3_PCD_IMAGE
Ponorogo,2025,test,8.859999656677246,8.882771809895834,0.32063389341897264,3,0.02277215321858783,AGGREGATE_WEAK_SUPERVISION,MLP,J3_PCD_IMAGE
Probolinggo,2018,train,18.709999084472656,18.81443150838216,0.12321377888683979,3,0.10443242390950402,AGGREGATE_WEAK_SUPERVISION,MLP,J3_PCD_IMAGE
Probolinggo,2019,train,17.760000228881836,18.39865557352702,0.33180959892953504,3,0.6386553446451835,AGGREGATE_WEAK_SUPERVISION,MLP,J3_PCD_IMAGE
Probolinggo,2020,train,18.61000061035156,18.924945831298828,0.25507024780509213,3,0.3149452209472692,AGGREGATE_WEAK_SUPERVISION,MLP,J3_PCD_IMAGE
Probolinggo,2021,train,18.90999984741211,19.19044558207194,0.2738775170530968,3,0.2804457346598319,AGGREGATE_WEAK_SUPERVISION,MLP,J3_PCD_IMAGE
Probolinggo,2022,train,17.1200008392334,17.6215763092041,0.3199134359892656,3,0.5015754699707031,AGGREGATE_WEAK_SUPERVISION,MLP,J3_PCD_IMAGE
Probolinggo,2023,val,17.190000534057617,17.479276021321613,0.2196726564531202,3,0.2892754872639962,AGGREGATE_WEAK_SUPERVISION,MLP,J3_PCD_IMAGE
Probolinggo,2024,test,16.450000762939453,16.771918614705402,0.1727779071345511,3,0.32191785176594934,AGGREGATE_WEAK_SUPERVISION,MLP,J3_PCD_IMAGE
Probolinggo,2025,test,16.309999465942383,15.335962295532227,0.08950893489541387,3,0.9740371704101562,AGGREGATE_WEAK_SUPERVISION,MLP,J3_PCD_IMAGE
Sampang,2018,train,21.209999084472656,21.19596290588379,0.17231842698156472,3,0.014036178588867188,AGGREGATE_WEAK_SUPERVISION,MLP,J3_PCD_IMAGE
Sampang,2019,train,20.709999084472656,21.459503809611004,0.10434497487777084,3,0.7495047251383475,AGGREGATE_WEAK_SUPERVISION,MLP,J3_PCD_IMAGE
Sampang,2020,train,22.780000686645508,22.555011749267578,0.1607754914151022,3,0.2249889373779297,AGGREGATE_WEAK_SUPERVISION,MLP,J3_PCD_IMAGE
Sampang,2021,train,23.76000022888184,22.8897221883138,0.23570589259377353,3,0.8702780405680386,AGGREGATE_WEAK_SUPERVISION,MLP,J3_PCD_IMAGE
Sampang,2022,train,21.61000061035156,22.028690338134766,0.17098804130137957,3,0.4186897277832067,AGGREGATE_WEAK_SUPERVISION,MLP,J3_PCD_IMAGE
Sampang,2023,val,21.76000022888184,20.410900115966797,0.7316242615635115,3,1.3491001129150426,AGGREGATE_WEAK_SUPERVISION,MLP,J3_PCD_IMAGE
Sampang,2024,test,20.82999992370605,20.714139938354492,0.7805587578518722,3,0.11585998535155895,AGGREGATE_WEAK_SUPERVISION,MLP,J3_PCD_IMAGE
Sampang,2025,test,20.61000061035156,20.95928192138672,0.7809984430891561,3,0.3492813110351598,AGGREGATE_WEAK_SUPERVISION,MLP,J3_PCD_IMAGE
Sidoarjo,2018,train,5.690000057220459,5.448496023813884,0.08821158530616578,3,0.24150403340657522,AGGREGATE_WEAK_SUPERVISION,MLP,J3_PCD_IMAGE
Sidoarjo,2019,train,5.320000171661377,5.315418720245361,0.1703542806661407,3,0.004581451416015625,AGGREGATE_WEAK_SUPERVISION,MLP,J3_PCD_IMAGE
Sidoarjo,2020,train,5.590000152587891,5.677928765614827,0.15691380069410013,3,0.08792861302693655,AGGREGATE_WEAK_SUPERVISION,MLP,J3_PCD_IMAGE
Sidoarjo,2021,train,5.929999828338623,5.5810519854227705,0.10926273530032912,3,0.34894784291585257,AGGREGATE_WEAK_SUPERVISION,MLP,J3_PCD_IMAGE
Sidoarjo,2022,train,5.360000133514404,5.251434803009033,0.033855111459713164,3,0.1085653305053711,AGGREGATE_WEAK_SUPERVISION,MLP,J3_PCD_IMAGE
Sidoarjo,2023,val,5.0,4.855161984761556,0.06801194326147127,3,0.1448380152384443,AGGREGATE_WEAK_SUPERVISION,MLP,J3_PCD_IMAGE
Sidoarjo,2024,test,4.53000020980835,4.794927914937337,0.056336963660745774,3,0.26492770512898733,AGGREGATE_WEAK_SUPERVISION,MLP,J3_PCD_IMAGE
Sidoarjo,2025,test,4.400000095367432,4.647935390472412,0.04550738030671495,3,0.24793529510498047,AGGREGATE_WEAK_SUPERVISION,MLP,J3_PCD_IMAGE
Situbondo,2018,train,11.81999969482422,11.859070777893066,0.17472487973419454,3,0.03907108306884588,AGGREGATE_WEAK_SUPERVISION,MLP,J3_PCD_IMAGE
Situbondo,2019,train,11.199999809265137,11.5039644241333,0.2512643916432423,3,0.30396461486816406,AGGREGATE_WEAK_SUPERVISION,MLP,J3_PCD_IMAGE
Situbondo,2020,train,12.220000267028809,12.332052230834961,0.21958798852512598,3,0.11205196380615234,AGGREGATE_WEAK_SUPERVISION,MLP,J3_PCD_IMAGE
Situbondo,2021,train,12.630000114440918,12.507325490315756,0.23660792585707863,3,0.12267462412516217,AGGREGATE_WEAK_SUPERVISION,MLP,J3_PCD_IMAGE
Situbondo,2022,train,11.779999732971191,11.839655876159668,0.30584144070838803,3,0.05965614318847656,AGGREGATE_WEAK_SUPERVISION,MLP,J3_PCD_IMAGE
Situbondo,2023,val,11.899999618530272,11.156807581583658,0.30432792886251764,3,0.7431920369466134,AGGREGATE_WEAK_SUPERVISION,MLP,J3_PCD_IMAGE
Situbondo,2024,test,11.510000228881836,10.843616803487143,0.4071175504468533,3,0.6663834253946934,AGGREGATE_WEAK_SUPERVISION,MLP,J3_PCD_IMAGE
Situbondo,2025,test,11.170000076293944,10.697648366292318,0.3307918971148868,3,0.47235171000162524,AGGREGATE_WEAK_SUPERVISION,MLP,J3_PCD_IMAGE
Sumenep,2018,train,20.15999984741211,20.879245122273762,0.04208946804257006,3,0.7192452748616525,AGGREGATE_WEAK_SUPERVISION,MLP,J3_PCD_IMAGE
Sumenep,2019,train,19.479999542236328,19.820341110229492,0.23830865754485636,3,0.34034156799316406,AGGREGATE_WEAK_SUPERVISION,MLP,J3_PCD_IMAGE
Sumenep,2020,train,20.18000030517578,20.68057378133138,0.3712914261978588,3,0.5005734761555978,AGGREGATE_WEAK_SUPERVISION,MLP,J3_PCD_IMAGE
Sumenep,2021,train,20.51000022888184,20.441691716512043,0.07788444879828009,3,0.0683085123697964,AGGREGATE_WEAK_SUPERVISION,MLP,J3_PCD_IMAGE
Sumenep,2022,train,18.76000022888184,19.133809407552082,0.283406584058603,3,0.37380917867024266,AGGREGATE_WEAK_SUPERVISION,MLP,J3_PCD_IMAGE
Sumenep,2023,val,18.700000762939453,19.39793078104655,0.35570755897786605,3,0.6979300181070975,AGGREGATE_WEAK_SUPERVISION,MLP,J3_PCD_IMAGE
Sumenep,2024,test,17.780000686645508,19.210424423217773,0.5423834267096074,3,1.4304237365722656,AGGREGATE_WEAK_SUPERVISION,MLP,J3_PCD_IMAGE
Sumenep,2025,test,17.020000457763672,18.031477610270183,1.1614119696451268,3,1.0114771525065116,AGGREGATE_WEAK_SUPERVISION,MLP,J3_PCD_IMAGE
Surabaya,2018,train,4.880000114440918,4.767533461252849,0.07375931034202869,3,0.11246665318806937,AGGREGATE_WEAK_SUPERVISION,MLP,J3_PCD_IMAGE
Surabaya,2019,train,4.510000228881836,4.730568567911784,0.13390208232676154,3,0.2205683390299482,AGGREGATE_WEAK_SUPERVISION,MLP,J3_PCD_IMAGE
Surabaya,2020,train,5.019999980926514,5.011970520019531,0.05950386323241434,3,0.008029460906982422,AGGREGATE_WEAK_SUPERVISION,MLP,J3_PCD_IMAGE
Surabaya,2021,train,5.230000019073486,5.149410883585612,0.13453742112321912,3,0.08058913548787405,AGGREGATE_WEAK_SUPERVISION,MLP,J3_PCD_IMAGE
Surabaya,2022,train,4.71999979019165,4.754233996073405,0.07071860595975618,3,0.03423420588175485,AGGREGATE_WEAK_SUPERVISION,MLP,J3_PCD_IMAGE
Surabaya,2023,val,4.650000095367432,4.547390302022298,0.046788138432923544,3,0.10260979334513376,AGGREGATE_WEAK_SUPERVISION,MLP,J3_PCD_IMAGE
Surabaya,2024,test,3.9600000381469727,4.450714747111003,0.05373482033130532,3,0.49071470896403024,AGGREGATE_WEAK_SUPERVISION,MLP,J3_PCD_IMAGE
Surabaya,2025,test,3.559999942779541,4.376303195953369,0.04507966582209411,3,0.8163032531738281,AGGREGATE_WEAK_SUPERVISION,MLP,J3_PCD_IMAGE
Trenggalek,2018,train,12.020000457763672,12.501454671223959,0.49122935352205827,3,0.48145421346028705,AGGREGATE_WEAK_SUPERVISION,MLP,J3_PCD_IMAGE
Trenggalek,2019,train,10.979999542236328,11.416658719380697,0.13134623961186218,3,0.4366591771443691,AGGREGATE_WEAK_SUPERVISION,MLP,J3_PCD_IMAGE
Trenggalek,2020,train,11.619999885559082,11.816107114156088,0.1387497347639766,3,0.1961072285970058,AGGREGATE_WEAK_SUPERVISION,MLP,J3_PCD_IMAGE
Trenggalek,2021,train,12.140000343322754,11.990605990091959,0.05284488252186192,3,0.14939435323079486,AGGREGATE_WEAK_SUPERVISION,MLP,J3_PCD_IMAGE
Trenggalek,2022,train,10.960000038146973,11.513890266418457,0.12898164807092355,3,0.5538902282714844,AGGREGATE_WEAK_SUPERVISION,MLP,J3_PCD_IMAGE
Trenggalek,2023,val,10.630000114440918,11.126392682393393,0.29079124698515035,3,0.49639256795247455,AGGREGATE_WEAK_SUPERVISION,MLP,J3_PCD_IMAGE
Trenggalek,2024,test,10.5,11.101314862569174,0.342120984943921,3,0.6013148625691738,AGGREGATE_WEAK_SUPERVISION,MLP,J3_PCD_IMAGE
Trenggalek,2025,test,10.289999961853027,10.463107426961264,0.11071252457346177,3,0.17310746510823627,AGGREGATE_WEAK_SUPERVISION,MLP,J3_PCD_IMAGE
Tuban,2018,train,15.3100004196167,15.65047295888265,0.29430919695644386,3,0.3404725392659511,AGGREGATE_WEAK_SUPERVISION,MLP,J3_PCD_IMAGE
Tuban,2019,train,14.579999923706056,15.153097152709961,0.3304870868054118,3,0.5730972290039045,AGGREGATE_WEAK_SUPERVISION,MLP,J3_PCD_IMAGE
Tuban,2020,train,15.90999984741211,16.066358248392742,0.11188874566382238,3,0.1563584009806327,AGGREGATE_WEAK_SUPERVISION,MLP,J3_PCD_IMAGE
Tuban,2021,train,16.309999465942383,16.415098826090496,0.20459453525331317,3,0.10509936014811316,AGGREGATE_WEAK_SUPERVISION,MLP,J3_PCD_IMAGE
Tuban,2022,train,15.020000457763672,15.081499099731445,0.09979205833208672,3,0.06149864196777344,AGGREGATE_WEAK_SUPERVISION,MLP,J3_PCD_IMAGE
Tuban,2023,val,14.90999984741211,14.697986602783203,0.6366537517596691,3,0.21201324462890625,AGGREGATE_WEAK_SUPERVISION,MLP,J3_PCD_IMAGE
Tuban,2024,test,14.359999656677246,14.137856801350912,0.3916319921299513,3,0.22214285532633404,AGGREGATE_WEAK_SUPERVISION,MLP,J3_PCD_IMAGE
Tuban,2025,test,14.130000114440918,14.290364265441895,0.20562724651011524,3,0.16036415100097656,AGGREGATE_WEAK_SUPERVISION,MLP,J3_PCD_IMAGE
Tulungagung,2018,train,7.269999980926514,7.297731876373291,0.19695545832915365,3,0.027731895446777344,AGGREGATE_WEAK_SUPERVISION,MLP,J3_PCD_IMAGE
Tulungagung,2019,train,6.739999771118164,7.077556292215983,0.2980337075523207,3,0.3375565210978193,AGGREGATE_WEAK_SUPERVISION,MLP,J3_PCD_IMAGE
Tulungagung,2020,train,7.329999923706055,7.519025166829427,0.302410633215954,3,0.1890252431233721,AGGREGATE_WEAK_SUPERVISION,MLP,J3_PCD_IMAGE
Tulungagung,2021,train,7.510000228881836,7.711818695068359,0.15345842467729173,3,0.20181846618652344,AGGREGATE_WEAK_SUPERVISION,MLP,J3_PCD_IMAGE
Tulungagung,2022,train,6.710000038146973,6.823037306467692,0.3970824049010464,3,0.1130372683207197,AGGREGATE_WEAK_SUPERVISION,MLP,J3_PCD_IMAGE
Tulungagung,2023,val,6.53000020980835,7.172861893971761,0.3421328981181298,3,0.6428616841634112,AGGREGATE_WEAK_SUPERVISION,MLP,J3_PCD_IMAGE
Tulungagung,2024,test,6.28000020980835,7.556418577829997,0.6022632005767624,3,1.2764183680216474,AGGREGATE_WEAK_SUPERVISION,MLP,J3_PCD_IMAGE
Tulungagung,2025,test,5.960000038146973,6.611337502797444,0.22757686654953263,3,0.6513374646504717,AGGREGATE_WEAK_SUPERVISION,MLP,J3_PCD_IMAGE
